bar_time,bar_ms,symbol,side,interval,combo,source,entry,stop,target,risk_pct,max_hold,logged_at,ctx_struct,ctx_trend_1h,ctx_trend_4h,ctx_struct_1h,ctx_cvd_day,ctx_cvd_slope,ctx_oi_chg,ctx_px_chg,ctx_regime,ctx_up_pct,ctx_up_w,ctx_dn_pct,ctx_dn_w,ctx_hz_move,ctx_warn
2026-08-19 08:00,1787126400000,INJUSDT,SHORT,15m,1,binance,4.234,4.27,4.198,0.850,100,2026-08-19 08:56,,,,,,,,,,,,,,,
2026-08-19 09:00,1787130000000,LINKUSDT,SHORT,15m,0,binance,9.763,9.84,9.686,0.789,100,2026-08-19 09:20,,,,,,,,,,,,,,,
2026-08-19 11:15,1787138100000,DOTUSDT,SHORT,15m,0,binance,0.7761,0.7783,0.7739,0.283,100,2026-08-19 11:30,,,,,,,,,,,,,,,
2026-08-19 12:30,1787142600000,UNIUSDT,SHORT,15m,1,binance,3.389,3.42,3.358,0.915,100,2026-08-19 12:50,,,,,,,,,,,,,,,
2026-08-19 13:30,1787146200000,ETHUSDT,SHORT,15m,1,binance,1931.74,1942.79,1920.69,0.572,100,2026-08-19 13:45,,,,,,,,,,,,,,,
2026-08-19 13:30,1787146200000,XRPUSDT,SHORT,15m,0,binance,1.0173,1.0234,1.0112,0.600,100,2026-08-19 13:50,,,,,,,,,,,,,,,
2026-08-19 13:45,1787147100000,BTCUSDT,SHORT,15m,1,binance,64984.1,65190,64778.2,0.317,100,2026-08-19 14:00,,,,,,,,,,,,,,,
2026-08-19 13:45,1787147100000,SOLUSDT,SHORT,15m,1,binance,78.36,78.76,77.96,0.510,100,2026-08-19 14:00,,,,,,,,,,,,,,,
2026-08-19 15:30,1787153400000,BCHUSDT,SHORT,15m,1,binance,206.95,212.3,201.6,2.585,100,2026-08-19 15:50,,,,,,,,,,,,,,,
2026-08-19 15:30,1787153400000,GRAMUSDT,SHORT,15m,0,binance,1.344,1.354,1.334,0.744,100,2026-08-19 15:50,,,,,,,,,,,,,,,
2026-08-19 15:30,1787153400000,MNTUSDT,SHORT,15m,1,bybit,0.4486,0.4516,0.4456,0.669,100,2026-08-19 15:45,,,,,,,,,,,,,,,
2026-08-19 15:45,1787154300000,CAKEUSDT,SHORT,15m,1,binance,1.5722,1.5904,1.554,1.158,100,2026-08-19 16:00,,,,,,,,,,,,,,,
2026-08-19 15:45,1787154300000,CRVUSDT,SHORT,15m,1,binance,0.2546,0.2586,0.2506,1.571,100,2026-08-19 16:00,,,,,,,,,,,,,,,
2026-08-19 15:45,1787154300000,DOGEUSDT,SHORT,15m,1,binance,0.07248,0.0747,0.07026,3.063,100,2026-08-19 16:05,,,,,,,,,,,,,,,
2026-08-19 15:45,1787154300000,FETUSDT,SHORT,15m,1,binance,0.1264,0.1282,0.1246,1.424,100,2026-08-19 16:00,,,,,,,,,,,,,,,
2026-08-19 15:45,1787154300000,ICPUSDT,SHORT,15m,1,binance,2.241,2.288,2.194,2.097,100,2026-08-19 16:05,,,,,,,,,,,,,,,
2026-08-19 15:45,1787154300000,INJUSDT,SHORT,15m,1,binance,4.321,4.428,4.214,2.476,100,2026-08-19 16:00,,,,,,,,,,,,,,,
2026-08-19 15:45,1787154300000,LINKUSDT,SHORT,15m,0,binance,9.916,10.181,9.651,2.672,100,2026-08-19 16:05,,,,,,,,,,,,,,,
2026-08-19 15:45,1787154300000,NEARUSDT,SHORT,15m,1,binance,1.661,1.698,1.624,2.228,100,2026-08-19 16:00,,,,,,,,,,,,,,,
2026-08-19 15:45,1787154300000,ONDOUSDT,SHORT,15m,1,binance,0.3402,0.3512,0.3292,3.233,100,2026-08-19 16:00,,,,,,,,,,,,,,,
2026-08-19 15:45,1787154300000,SUIUSDT,SHORT,15m,1,binance,0.6798,0.7027,0.6569,3.369,100,2026-08-19 16:00,,,,,,,,,,,,,,,
2026-08-19 15:45,1787154300000,TAOUSDT,SHORT,15m,1,binance,195.96,199.78,192.14,1.949,100,2026-08-19 16:00,,,,,,,,,,,,,,,
2026-08-19 15:45,1787154300000,TRUMPUSDT,SHORT,15m,1,binance,1.44,1.468,1.412,1.944,100,2026-08-19 16:05,,,,,,,,,,,,,,,
2026-08-19 15:45,1787154300000,WLDUSDT,SHORT,15m,1,binance,0.335,0.3642,0.3058,8.716,100,2026-08-19 16:00,,,,,,,,,,,,,,,
2026-08-19 15:45,1787154300000,XLMUSDT,SHORT,15m,1,binance,0.16391,0.16849,0.15933,2.794,100,2026-08-19 16:05,,,,,,,,,,,,,,,
2026-08-19 16:00,1787155200000,ETCUSDT,SHORT,15m,1,binance,6.276,6.377,6.175,1.609,100,2026-08-19 16:20,,,,,,,,,,,,,,,
2026-08-19 16:00,1787155200000,LDOUSDT,SHORT,15m,1,binance,0.3244,0.3307,0.3181,1.942,100,2026-08-19 16:15,,,,,,,,,,,,,,,
2026-08-19 16:00,1787155200000,LTCUSDT,SHORT,15m,1,binance,45.61,46.17,45.05,1.228,100,2026-08-19 16:20,,,,,,,,,,,,,,,
2026-08-19 16:00,1787155200000,PENDLEUSDT,SHORT,15m,1,binance,1.3588,1.3887,1.3289,2.200,100,2026-08-19 16:15,,,,,,,,,,,,,,,
2026-08-19 16:30,1787157000000,AAVEUSDT,SHORT,15m,1,binance,92.74,94.45,91.03,1.844,100,2026-08-19 16:45,,,,,,,,,,,,,,,
2026-08-19 16:30,1787157000000,LINKUSDT,SHORT,15m,0,binance,9.972,10.181,9.763,2.096,100,2026-08-19 16:45,,,,,,,,,,,,,,,
2026-08-19 16:30,1787157000000,XRPUSDT,SHORT,15m,0,binance,1.0669,1.0741,1.0597,0.675,100,2026-08-19 16:50,,,,,,,,,,,,,,,
2026-08-19 16:45,1787157900000,AVAXUSDT,SHORT,15m,1,binance,6.606,6.732,6.48,1.907,100,2026-08-19 17:00,,,,,,,,,,,,,,,
2026-08-19 16:45,1787157900000,DASHUSDT,SHORT,15m,1,binance,31,31.3,30.7,0.968,100,2026-08-19 17:00,,,,,,,,,,,,,,,
2026-08-19 16:45,1787157900000,INJUSDT,SHORT,15m,1,binance,4.386,4.428,4.344,0.958,100,2026-08-19 17:00,,,,,,,,,,,,,,,
2026-08-19 16:45,1787157900000,SOLUSDT,SHORT,15m,1,binance,81.56,83.04,80.08,1.815,100,2026-08-19 17:05,,,,,,,,,,,,,,,
2026-08-19 16:45,1787157900000,TAOUSDT,SHORT,15m,1,binance,198.24,199.99,196.49,0.883,100,2026-08-19 17:00,,,,,,,,,,,,,,,
2026-08-19 17:00,1787158800000,BNBUSDT,SHORT,15m,1,binance,617.33,620.65,614.01,0.538,100,2026-08-19 17:20,,,,,,,,,,,,,,,
2026-08-19 17:00,1787158800000,BTCUSDT,SHORT,15m,1,binance,68216.7,70450,65983.4,3.274,100,2026-08-19 17:20,,,,,,,,,,,,,,,
2026-08-19 17:00,1787158800000,LITUSDT,SHORT,15m,1,binance,2.4738,2.5009,2.4467,1.095,100,2026-08-19 17:15,,,,,,,,,,,,,,,
2026-08-19 17:00,1787158800000,UNIUSDT,SHORT,15m,1,binance,3.51,3.61,3.41,2.849,100,2026-08-19 17:20,,,,,,,,,,,,,,,
2026-08-19 17:15,1787159700000,ETHUSDT,SHORT,15m,1,binance,2077.41,2132,2022.82,2.628,100,2026-08-19 17:30,,,,,,,,,,,,,,,
2026-08-19 17:15,1787159700000,ZECUSDT,SHORT,15m,1,binance,548.25,564.12,532.38,2.895,100,2026-08-19 17:30,,,,,,,,,,,,,,,
2026-08-19 17:30,1787160600000,HYPEUSDT,SHORT,15m,1,binance,61.955,62.629,61.281,1.088,100,2026-08-19 17:45,,,,,,,,,,,,,,,
2026-08-19 18:30,1787164200000,NEARUSDT,SHORT,15m,0,binance,1.702,1.711,1.693,0.529,100,2026-08-19 18:45,,,,,,,,,,,,,,,
2026-08-19 19:00,1787166000000,CAKEUSDT,SHORT,15m,0,binance,1.5906,1.6,1.5812,0.591,100,2026-08-19 19:15,,,,,,,,,,,,,,,
2026-08-19 19:00,1787166000000,SOLUSDT,SHORT,15m,0,binance,82.02,82.41,81.63,0.475,100,2026-08-19 19:20,,,,,,,,,,,,,,,
2026-08-19 20:00,1787169600000,WLDUSDT,SHORT,15m,0,binance,0.3601,0.3651,0.3551,1.389,100,2026-08-19 20:15,,,,,,,,,,,,,,,
2026-08-19 20:15,1787170500000,ARBUSDT,SHORT,15m,0,binance,0.08341,0.08383,0.08299,0.504,100,2026-08-19 20:30,,,,,,,,,,,,,,,
2026-08-19 20:15,1787170500000,ASTERUSDT,SHORT,15m,1,binance,0.6178,0.6249,0.6107,1.149,100,2026-08-19 20:30,,,,,,,,,,,,,,,
2026-08-19 20:15,1787170500000,DASHUSDT,SHORT,15m,0,binance,31.07,31.12,31.02,0.161,100,2026-08-19 20:30,,,,,,,,,,,,,,,
2026-08-19 20:30,1787171400000,ATOMUSDT,SHORT,15m,1,hyperliquid,1.4693,1.4855,1.4531,1.103,100,2026-08-19 21:02,,,,,,,,,,,,,,,
2026-08-19 20:30,1787171400000,DASHUSDT,SHORT,15m,0,hyperliquid,31.035,31.171,30.899,0.438,100,2026-08-19 21:02,,,,,,,,,,,,,,,
2026-08-19 20:30,1787171400000,ETCUSDT,SHORT,15m,0,hyperliquid,6.3502,6.3703,6.3301,0.317,100,2026-08-19 21:02,,,,,,,,,,,,,,,
2026-08-19 20:30,1787171400000,PENDLEUSDT,SHORT,15m,0,hyperliquid,1.3871,1.3952,1.379,0.584,100,2026-08-19 21:02,,,,,,,,,,,,,,,
2026-08-19 21:15,1787174100000,ATOMUSDT,SHORT,15m,1,hyperliquid,1.4951,1.5116,1.4786,1.104,100,2026-08-19 21:40,,,,,,,,,,,,,,,
2026-08-19 21:15,1787174100000,LITUSDT,SHORT,15m,1,hyperliquid,2.6799,2.7664,2.5934,3.228,100,2026-08-19 21:40,,,,,,,,,,,,,,,
2026-08-19 21:30,1787175000000,ADAUSDT,SHORT,15m,0,hyperliquid,0.18973,0.19224,0.18722,1.323,100,2026-08-19 22:00,,,,,,,,,,,,,,,
2026-08-19 21:30,1787175000000,APTUSDT,SHORT,15m,1,hyperliquid,0.5632,0.568,0.5584,0.852,100,2026-08-19 22:00,,,,,,,,,,,,,,,
2026-08-19 21:30,1787175000000,DOTUSDT,SHORT,15m,0,hyperliquid,0.79932,0.80635,0.79229,0.879,100,2026-08-19 22:00,,,,,,,,,,,,,,,
2026-08-19 21:30,1787175000000,GRAMUSDT,SHORT,15m,0,hyperliquid,1.373,1.3851,1.3609,0.881,100,2026-08-19 22:00,,,,,,,,,,,,,,,
2026-08-19 21:30,1787175000000,VIRTUALUSDT,SHORT,15m,0,hyperliquid,0.61266,0.61615,0.60917,0.570,100,2026-08-19 22:00,,,,,,,,,,,,,,,
2026-08-19 21:30,1787175000000,kSHIBUSDT,SHORT,15m,0,hyperliquid,0.004683,0.004729,0.004637,0.982,100,2026-08-19 22:00,,,,,,,,,,,,,,,
2026-08-19 21:45,1787175900000,DOGEUSDT,SHORT,15m,0,hyperliquid,0.07604,0.07638,0.0757,0.447,100,2026-08-19 22:00,,,,,,,,,,,,,,,
2026-08-19 21:45,1787175900000,ENAUSDT,SHORT,15m,1,hyperliquid,0.094287,0.095157,0.093417,0.923,100,2026-08-19 22:00,,,,,,,,,,,,,,,
2026-08-19 21:45,1787175900000,ICPUSDT,SHORT,15m,1,hyperliquid,2.3034,2.3306,2.2762,1.181,100,2026-08-19 22:00,,,,,,,,,,,,,,,
2026-08-19 21:45,1787175900000,XLMUSDT,SHORT,15m,0,hyperliquid,0.17177,0.17296,0.17058,0.693,100,2026-08-19 22:00,,,,,,,,,,,,,,,
2026-08-19 22:00,1787176800000,AAVEUSDT,SHORT,15m,1,hyperliquid,95.775,97.549,94.001,1.852,100,2026-08-19 22:40,,,,,,,,,,,,,,,
2026-08-19 22:00,1787176800000,ARBUSDT,SHORT,15m,1,hyperliquid,0.08847,0.08953,0.08741,1.198,100,2026-08-19 22:40,,,,,,,,,,,,,,,
2026-08-19 22:00,1787176800000,BCHUSDT,SHORT,15m,1,hyperliquid,211.82,214.12,209.52,1.086,100,2026-08-19 22:40,,,,,,,,,,,,,,,
2026-08-19 22:00,1787176800000,BTCUSDT,SHORT,15m,1,hyperliquid,69283,70046,68520,1.101,100,2026-08-19 22:40,,,,,,,,,,,,,,,
2026-08-19 22:00,1787176800000,CAKEUSDT,SHORT,15m,1,hyperliquid,1.6245,1.6372,1.6118,0.782,100,2026-08-19 22:40,,,,,,,,,,,,,,,
2026-08-19 22:00,1787176800000,ETCUSDT,SHORT,15m,1,hyperliquid,6.5485,6.6852,6.4118,2.088,100,2026-08-19 22:40,,,,,,,,,,,,,,,
2026-08-19 22:00,1787176800000,FILUSDT,SHORT,15m,1,hyperliquid,0.68523,0.69791,0.67255,1.850,100,2026-08-19 22:40,,,,,,,,,,,,,,,
2026-08-19 22:00,1787176800000,HYPEUSDT,SHORT,15m,0,hyperliquid,71.6,72.69,70.51,1.522,100,2026-08-19 22:40,,,,,,,,,,,,,,,
2026-08-19 22:00,1787176800000,LTCUSDT,SHORT,15m,1,hyperliquid,46.739,47.214,46.264,1.016,100,2026-08-19 22:40,,,,,,,,,,,,,,,
2026-08-19 22:00,1787176800000,NEARUSDT,SHORT,15m,1,hyperliquid,1.739,1.7743,1.7037,2.030,100,2026-08-19 22:40,,,,,,,,,,,,,,,
2026-08-19 22:00,1787176800000,OPUSDT,SHORT,15m,1,hyperliquid,0.09053,0.09195,0.08911,1.569,100,2026-08-19 22:40,,,,,,,,,,,,,,,
2026-08-19 22:00,1787176800000,PENDLEUSDT,SHORT,15m,1,hyperliquid,1.4233,1.4516,1.395,1.988,100,2026-08-19 22:40,,,,,,,,,,,,,,,
2026-08-19 22:00,1787176800000,SUIUSDT,SHORT,15m,1,hyperliquid,0.71402,0.72525,0.70279,1.573,100,2026-08-19 22:40,,,,,,,,,,,,,,,
2026-08-19 22:00,1787176800000,UNIUSDT,SHORT,15m,1,hyperliquid,3.6799,3.7459,3.6139,1.794,100,2026-08-19 22:40,,,,,,,,,,,,,,,
2026-08-19 22:00,1787176800000,ZECUSDT,SHORT,15m,1,hyperliquid,569.73,589,550.46,3.382,100,2026-08-19 22:40,,,,,,,,,,,,,,,
2026-08-19 22:00,1787176800000,kPEPEUSDT,SHORT,15m,1,hyperliquid,0.00288,0.002934,0.002826,1.875,100,2026-08-19 22:40,,,,,,,,,,,,,,,
2026-08-19 22:15,1787177700000,DASHUSDT,SHORT,15m,1,hyperliquid,31.724,32.25,31.198,1.658,100,2026-08-19 22:40,,,,,,,,,,,,,,,
2026-08-19 22:15,1787177700000,INJUSDT,SHORT,15m,1,hyperliquid,4.5724,4.6608,4.484,1.933,100,2026-08-19 22:40,,,,,,,,,,,,,,,
2026-08-19 22:15,1787177700000,LINKUSDT,SHORT,15m,1,hyperliquid,10.698,10.893,10.503,1.823,100,2026-08-19 22:40,,,,,,,,,,,,,,,
2026-08-19 22:15,1787177700000,SOLUSDT,SHORT,15m,1,hyperliquid,85.405,87.314,83.496,2.235,100,2026-08-19 22:40,,,,,,,,,,,,,,,
2026-08-19 22:15,1787177700000,TAOUSDT,SHORT,15m,1,hyperliquid,205.84,209.93,201.75,1.987,100,2026-08-19 22:40,,,,,,,,,,,,,,,
2026-08-19 22:15,1787177700000,XRPUSDT,SHORT,15m,1,hyperliquid,1.1204,1.1359,1.1049,1.383,100,2026-08-19 22:40,,,,,,,,,,,,,,,
2026-08-19 22:30,1787178600000,BNBUSDT,SHORT,15m,1,hyperliquid,630.36,636.46,624.26,0.968,100,2026-08-19 23:01,,,,,,,,,,,,,,,
2026-08-19 22:30,1787178600000,ETHUSDT,SHORT,15m,1,hyperliquid,2259.1,2346.8,2171.4,3.882,100,2026-08-19 23:01,,,,,,,,,,,,,,,
2026-08-19 22:45,1787179500000,AVAXUSDT,SHORT,15m,1,hyperliquid,6.8013,6.8815,6.7211,1.179,100,2026-08-19 23:01,,,,,,,,,,,,,,,
2026-08-19 23:15,1787181300000,XMRUSDT,SHORT,15m,1,hyperliquid,423.64,431,416.28,1.737,100,2026-08-19 23:36,,,,,,,,,,,,,,,
2026-08-19 23:30,1787182200000,MNTUSDT,SHORT,15m,0,hyperliquid,0.46914,0.4711,0.46718,0.418,100,2026-08-19 23:58,,,,,,,,,,,,,,,
2026-08-20 00:00,1787184000000,PENDLEUSDT,SHORT,15m,0,hyperliquid,1.4419,1.457,1.4268,1.047,100,2026-08-20 01:36,,,,,,,,,,,,,,,
2026-08-20 00:00,1787184000000,TRUMPUSDT,SHORT,15m,0,hyperliquid,1.7378,1.8296,1.646,5.283,100,2026-08-20 01:36,,,,,,,,,,,,,,,
2026-08-20 00:30,1787185800000,TRUMPUSDT,SHORT,15m,0,hyperliquid,1.7941,1.8635,1.7247,3.868,100,2026-08-20 01:36,,,,,,,,,,,,,,,
2026-08-20 00:45,1787186700000,UNIUSDT,SHORT,15m,0,hyperliquid,3.6811,3.7184,3.6438,1.013,100,2026-08-20 01:36,,,,,,,,,,,,,,,
2026-08-20 01:00,1787187600000,ETCUSDT,SHORT,15m,0,hyperliquid,6.5711,6.6434,6.4988,1.100,100,2026-08-20 01:36,,,,,,,,,,,,,,,
2026-08-20 01:00,1787187600000,ICPUSDT,SHORT,15m,1,hyperliquid,2.3346,2.3947,2.2745,2.574,100,2026-08-20 01:36,,,,,,,,,,,,,,,
2026-08-20 01:00,1787187600000,INJUSDT,SHORT,15m,0,hyperliquid,4.6031,4.6326,4.5736,0.641,100,2026-08-20 01:36,,,,,,,,,,,,,,,
2026-08-20 01:00,1787187600000,LTCUSDT,SHORT,15m,0,hyperliquid,47.01,47.273,46.747,0.559,100,2026-08-20 01:36,,,,,,,,,,,,,,,
2026-08-20 01:00,1787187600000,PENDLEUSDT,SHORT,15m,1,hyperliquid,1.4561,1.4814,1.4308,1.738,100,2026-08-20 01:36,,,,,,,,,,,,,,,
2026-08-20 02:00,1787191200000,XMRUSDT,SHORT,15m,0,hyperliquid,429.46,433.83,425.09,1.018,100,2026-08-20 02:42,,,,,,,,,,,,,,,
2026-08-20 02:15,1787192100000,AAVEUSDT,SHORT,15m,0,hyperliquid,96.547,97.247,95.847,0.725,100,2026-08-20 02:42,,,,,,,,,,,,,,,
2026-08-20 03:00,1787194800000,PENDLEUSDT,SHORT,15m,1,hyperliquid,1.5022,1.5235,1.4809,1.418,100,2026-08-20 03:31,,,,,,,,,,,,,,,
2026-08-20 03:30,1787196600000,MNTUSDT,SHORT,15m,1,hyperliquid,0.48372,0.4914,0.47604,1.588,100,2026-08-20 04:21,,,,,,,,,,,,,,,
2026-08-20 05:15,1787202900000,ASTERUSDT,SHORT,15m,0,binance,0.6507,0.6562,0.6452,0.845,100,2026-08-20 05:58,,,,,,,,,,,,,,,
2026-08-20 05:15,1787202900000,COMPUSDT,SHORT,15m,1,hyperliquid,18.862,19.205,18.519,1.818,100,2026-08-20 05:45,,,,,,,,,,,,,,,
2026-08-20 05:15,1787202900000,INJUSDT,SHORT,15m,0,hyperliquid,4.6746,4.6859,4.6633,0.242,100,2026-08-20 05:45,,,,,,,,,,,,,,,
2026-08-20 05:45,1787204700000,ASTERUSDT,SHORT,15m,1,hyperliquid,0.65097,0.65689,0.64505,0.909,100,2026-08-20 06:40,,,,,,,,,,,,,,,
2026-08-20 06:15,1787206500000,LITUSDT,SHORT,15m,1,hyperliquid,2.837,2.8809,2.7931,1.547,100,2026-08-20 06:40,,,,,,,,,,,,,,,
2026-08-20 08:15,1787213700000,ETHFIUSDT,SHORT,15m,1,hyperliquid,0.55647,0.57132,0.54162,2.669,100,2026-08-20 08:56,,,,,,,,,,,,,,,
2026-08-20 08:15,1787213700000,LITUSDT,SHORT,15m,1,hyperliquid,2.908,2.9792,2.8368,2.448,100,2026-08-20 08:56,,,,,,,,,,,,,,,
2026-08-20 08:45,1787215500000,AVAXUSDT,SHORT,15m,1,hyperliquid,6.9222,6.9514,6.893,0.422,100,2026-08-20 09:35,,,,,,,,,,,,,,,
2026-08-20 08:45,1787215500000,SOLUSDT,SHORT,15m,1,hyperliquid,87.515,87.993,87.037,0.546,100,2026-08-20 09:35,,,,,,,,,,,,,,,
2026-08-20 09:00,1787216400000,ETHFIUSDT,SHORT,15m,1,hyperliquid,0.56652,0.57834,0.5547,2.086,100,2026-08-20 09:35,,,,,,,,,,,,,,,
2026-08-20 09:00,1787216400000,LTCUSDT,SHORT,15m,0,hyperliquid,47.561,47.625,47.497,0.135,100,2026-08-20 09:35,,,,,,,,,,,,,,,
2026-08-20 09:15,1787217300000,BCHUSDT,SHORT,15m,1,hyperliquid,217.23,218.22,216.24,0.456,100,2026-08-20 09:35,,,,,,,,,,,,,,,
2026-08-20 09:15,1787217300000,ETCUSDT,SHORT,15m,1,hyperliquid,6.7141,6.7556,6.6726,0.618,100,2026-08-20 09:35,,,,,,,,,,,,,,,
2026-08-20 09:15,1787217300000,UNIUSDT,SHORT,15m,1,hyperliquid,3.7162,3.7549,3.6775,1.041,100,2026-08-20 09:35,,,,,,,,,,,,,,,
2026-08-20 09:15,1787217300000,XLMUSDT,SHORT,15m,0,hyperliquid,0.1759,0.17787,0.17393,1.120,100,2026-08-20 09:35,,,,,,,,,,,,,,,
2026-08-20 09:15,1787217300000,kPEPEUSDT,SHORT,15m,1,hyperliquid,0.00313,0.003218,0.003042,2.812,100,2026-08-20 09:35,,,,,,,,,,,,,,,
2026-08-20 09:30,1787218200000,BNBUSDT,SHORT,15m,1,hyperliquid,642.77,646.06,639.48,0.512,100,2026-08-20 10:05,,,,,,,,,,,,,,,
2026-08-20 09:30,1787218200000,XRPUSDT,SHORT,15m,1,hyperliquid,1.1509,1.1638,1.138,1.121,100,2026-08-20 10:05,,,,,,,,,,,,,,,
2026-08-20 09:45,1787219100000,BTCUSDT,SHORT,15m,1,hyperliquid,71792,72055,71529,0.366,100,2026-08-20 10:05,,,,,,,,,,,,,,,
2026-08-20 09:45,1787219100000,INJUSDT,SHORT,15m,1,hyperliquid,4.7786,4.8245,4.7327,0.961,100,2026-08-20 10:05,,,,,,,,,,,,,,,
2026-08-20 10:00,1787220000000,GRAMUSDT,SHORT,15m,0,hyperliquid,1.3947,1.4014,1.388,0.480,100,2026-08-20 10:46,,,,,,,,,,,,,,,
2026-08-20 10:15,1787220900000,VIRTUALUSDT,SHORT,15m,1,hyperliquid,0.6475,0.66043,0.63457,1.997,100,2026-08-20 10:46,,,,,,,,,,,,,,,
2026-08-20 11:15,1787224500000,INJUSDT,SHORT,15m,1,hyperliquid,4.8428,4.889,4.7966,0.954,100,2026-08-20 11:53,,,,,,,,,,,,,,,
2026-08-20 11:45,1787226300000,TRXUSDT,SHORT,15m,1,hyperliquid,0.33717,0.33791,0.33643,0.219,100,2026-08-20 12:42,,,,,,,,,,,,,,,
2026-08-20 12:00,1787227200000,XRPUSDT,SHORT,15m,1,hyperliquid,1.1815,1.1969,1.1661,1.303,100,2026-08-20 12:42,,,,,,,,,,,,,,,
2026-08-20 12:30,1787229000000,DOTUSDT,SHORT,15m,1,hyperliquid,0.82293,0.82865,0.81721,0.695,100,2026-08-20 13:34,,,,,,,,,,,,,,,
2026-08-20 14:45,1787237100000,XRPUSDT,SHORT,15m,1,hyperliquid,1.2278,1.2468,1.2088,1.547,100,2026-08-20 15:04,,,,,,,,,,,,,,,
2026-08-20 15:15,1787238900000,COMPUSDT,SHORT,15m,0,hyperliquid,19.274,19.414,19.134,0.726,100,2026-08-20 15:48,,,,,,,,,,,,,,,
2026-08-20 15:15,1787238900000,XRPUSDT,SHORT,15m,1,hyperliquid,1.2401,1.265,1.2152,2.008,100,2026-08-20 15:48,,,,,,,,,,,,,,,
2026-08-20 15:30,1787239800000,AVAXUSDT,SHORT,15m,0,hyperliquid,7.0405,7.1411,6.9399,1.429,100,2026-08-20 15:48,,,,,,,,,,,,,,,
2026-08-20 15:30,1787239800000,BCHUSDT,SHORT,15m,1,hyperliquid,221.37,223.14,219.6,0.800,100,2026-08-20 15:48,,,,,,,,,,,,,,,
2026-08-20 16:00,1787241600000,FILUSDT,SHORT,15m,1,hyperliquid,0.71806,0.72659,0.70953,1.188,100,2026-08-20 16:32,,,,,,,,,,,,,,,
2026-08-20 16:00,1787241600000,XRPUSDT,SHORT,15m,1,hyperliquid,1.2536,1.2674,1.2398,1.101,100,2026-08-20 16:32,,,,,,,,,,,,,,,
2026-08-20 16:15,1787242500000,MNTUSDT,SHORT,15m,0,hyperliquid,0.50761,0.50951,0.50571,0.374,100,2026-08-20 16:32,,,,,,,,,,,,,,,
2026-08-20 17:00,1787245200000,XPLUSDT,SHORT,15m,1,hyperliquid,0.089531,0.090718,0.088344,1.326,100,2026-08-20 17:45,,,,,,,,,,,,,,,
2026-08-20 17:00,1787245200000,ZECUSDT,SHORT,15m,1,hyperliquid,585.41,599.2,571.62,2.356,100,2026-08-20 17:45,,,,,,,,,,,,,,,
2026-08-20 17:15,1787246100000,BCHUSDT,SHORT,15m,0,hyperliquid,224.79,226.88,222.7,0.930,100,2026-08-20 17:45,,,,,,,,,,,,,,,
2026-08-20 17:15,1787246100000,LTCUSDT,SHORT,15m,0,hyperliquid,48.244,48.59,47.898,0.717,100,2026-08-20 17:45,,,,,,,,,,,,,,,
2026-08-20 17:30,1787247000000,DASHUSDT,SHORT,15m,1,hyperliquid,33.227,33.624,32.83,1.195,100,2026-08-20 17:45,,,,,,,,,,,,,,,
2026-08-20 17:30,1787247000000,ETCUSDT,SHORT,15m,0,hyperliquid,6.9316,6.9723,6.8909,0.587,100,2026-08-20 18:15,,,,,,,,,,,,,,,
2026-08-20 17:45,1787247900000,FETUSDT,SHORT,15m,1,hyperliquid,0.14213,0.14504,0.13922,2.047,100,2026-08-20 18:15,,,,,,,,,,,,,,,
2026-08-20 18:00,1787248800000,FILUSDT,SHORT,15m,1,hyperliquid,0.7522,0.77063,0.73377,2.450,100,2026-08-20 18:15,,,,,,,,,,,,,,,
2026-08-20 18:00,1787248800000,XRPUSDT,SHORT,15m,1,hyperliquid,1.2703,1.3448,1.1958,5.865,100,2026-08-20 18:15,,,,,,,,,,,,,,,
2026-08-20 18:15,1787249700000,AVAXUSDT,SHORT,15m,1,hyperliquid,7.1765,7.3226,7.0304,2.036,100,2026-08-20 19:03,,,,,,,,,,,,,,,
2026-08-21 01:45,1787276700000,BNBUSDT,SHORT,15m,0,hyperliquid,661.47,666.43,656.51,0.750,100,2026-08-21 02:37,,,,,,,,,,,,,,,
2026-08-21 02:30,1787279400000,BTCUSDT,SHORT,15m,1,hyperliquid,74707,75816,73598,1.484,100,2026-08-21 03:35,,,,,,,,,,,,,,,
2026-08-21 02:30,1787279400000,PENDLEUSDT,SHORT,15m,1,hyperliquid,1.5518,1.5644,1.5392,0.812,100,2026-08-21 03:35,,,,,,,,,,,,,,,
2026-08-21 02:45,1787280300000,ETCUSDT,SHORT,15m,1,hyperliquid,7.0368,7.0934,6.9802,0.804,100,2026-08-21 03:35,,,,,,,,,,,,,,,
2026-08-21 02:45,1787280300000,SOLUSDT,SHORT,15m,1,hyperliquid,89.354,90.59,88.118,1.383,100,2026-08-21 03:35,,,,,,,,,,,,,,,
2026-08-21 03:30,1787283000000,AAVEUSDT,SHORT,15m,0,hyperliquid,100.6,101.5,99.7,0.895,100,2026-08-21 04:23,,,,,,,,,,,,,,,
2026-08-21 04:00,1787284800000,CRVUSDT,SHORT,15m,1,hyperliquid,0.31724,0.32406,0.31042,2.150,100,2026-08-21 04:23,,,,,,,,,,,,,,,
2026-08-21 05:15,1787289300000,BCHUSDT,SHORT,15m,0,hyperliquid,228.82,231.88,225.76,1.337,100,2026-08-21 05:47,,,,,,,,,,,,,,,
2026-08-21 05:30,1787290200000,POLUSDT,SHORT,15m,1,hyperliquid,0.084192,0.085044,0.08334,1.012,100,2026-08-21 05:47,,,,,,,,,,,,,,,
2026-08-21 05:30,1787290200000,VVVUSDT,SHORT,15m,0,hyperliquid,15.154,15.384,14.924,1.518,100,2026-08-21 05:47,,,,,,,,,,,,,,,
2026-08-21 05:45,1787291100000,ZECUSDT,SHORT,15m,1,hyperliquid,598.17,613.67,582.67,2.591,100,2026-08-21 06:41,,,,,,,,,,,,,,,
2026-08-21 06:00,1787292000000,NEARUSDT,SHORT,15m,0,hyperliquid,1.8402,1.8539,1.8265,0.744,100,2026-08-21 06:41,,,,,,,,,,,,,,,
2026-08-21 06:00,1787292000000,SUIUSDT,SHORT,15m,0,hyperliquid,0.77168,0.77547,0.76789,0.491,100,2026-08-21 06:41,,,,,,,,,,,,,,,
2026-08-21 06:15,1787292900000,SOLUSDT,SHORT,15m,0,hyperliquid,90.117,91.408,88.826,1.433,100,2026-08-21 06:41,,,,,,,,,,,,,,,
2026-08-21 06:30,1787293800000,GRAMUSDT,SHORT,15m,1,hyperliquid,1.4586,1.4905,1.4267,2.187,100,2026-08-21 07:29,,,,,,,,,,,,,,,
2026-08-21 07:15,1787296500000,POLUSDT,SHORT,15m,0,hyperliquid,0.088252,0.092443,0.084061,4.749,100,2026-08-21 08:08,,,,,,,,,,,,,,,
2026-08-21 07:45,1787298300000,AVAXUSDT,SHORT,15m,0,hyperliquid,7.4756,7.5005,7.4507,0.333,100,2026-08-21 08:08,,,,,,,,,,,,,,,
2026-08-21 07:45,1787298300000,BNBUSDT,SHORT,15m,1,hyperliquid,669.94,673.64,666.24,0.552,100,2026-08-21 08:08,,,,,,,,,,,,,,,
2026-08-21 07:45,1787298300000,UNIUSDT,SHORT,15m,0,hyperliquid,3.9202,3.9528,3.8876,0.832,100,2026-08-21 08:08,,,,,,,,,,,,,,,
2026-08-21 07:45,1787298300000,kSHIBUSDT,SHORT,15m,1,hyperliquid,0.005171,0.005215,0.005127,0.851,100,2026-08-21 08:08,,,,,,,,,,,,,,,
2026-08-21 08:00,1787299200000,TAOUSDT,SHORT,15m,0,hyperliquid,223.5,225.35,221.65,0.828,100,2026-08-21 08:57,,,,,,,,,,,,,,,
2026-08-21 08:15,1787300100000,GRAMUSDT,SHORT,15m,1,hyperliquid,1.4841,1.4974,1.4708,0.896,100,2026-08-21 08:57,,,,,,,,,,,,,,,
2026-08-21 08:30,1787301000000,TAOUSDT,SHORT,15m,0,hyperliquid,224.87,225.35,224.39,0.213,100,2026-08-21 08:57,,,,,,,,,,,,,,,
2026-08-21 08:30,1787301000000,VVVUSDT,SHORT,15m,1,hyperliquid,16.079,16.45,15.708,2.307,100,2026-08-21 08:57,,,,,,,,,,,,,,,
2026-08-21 08:30,1787301000000,ZECUSDT,SHORT,15m,1,hyperliquid,634.63,650,619.26,2.422,100,2026-08-21 08:57,,,,,,,,,,,,,,,
2026-08-21 09:00,1787302800000,AAVEUSDT,SHORT,15m,1,hyperliquid,106.9,110.18,103.62,3.068,100,2026-08-21 09:41,,,,,,,,,,,,,,,
2026-08-21 09:00,1787302800000,APTUSDT,SHORT,15m,1,hyperliquid,0.6077,0.6211,0.5943,2.205,100,2026-08-21 09:41,,,,,,,,,,,,,,,
2026-08-21 09:00,1787302800000,ASTERUSDT,SHORT,15m,1,hyperliquid,0.71154,0.74636,0.67672,4.894,100,2026-08-21 09:41,,,,,,,,,,,,,,,
2026-08-21 09:00,1787302800000,ATOMUSDT,SHORT,15m,1,hyperliquid,1.5725,1.5943,1.5507,1.386,100,2026-08-21 09:41,,,,,,,,,,,,,,,
2026-08-21 09:00,1787302800000,BCHUSDT,SHORT,15m,1,hyperliquid,258.96,269.5,248.42,4.070,100,2026-08-21 09:41,,,,,,,,,,,,,,,
2026-08-21 09:00,1787302800000,BNBUSDT,SHORT,15m,1,hyperliquid,673.52,686.7,660.34,1.957,100,2026-08-21 09:41,,,,,,,,,,,,,,,
2026-08-21 09:00,1787302800000,CAKEUSDT,SHORT,15m,0,hyperliquid,1.6965,1.7328,1.6602,2.140,100,2026-08-21 09:41,,,,,,,,,,,,,,,
2026-08-21 09:00,1787302800000,COMPUSDT,SHORT,15m,1,hyperliquid,19.28,19.658,18.902,1.961,100,2026-08-21 09:41,,,,,,,,,,,,,,,
2026-08-21 09:00,1787302800000,DASHUSDT,SHORT,15m,1,hyperliquid,34.66,35.544,33.776,2.550,100,2026-08-21 09:41,,,,,,,,,,,,,,,
2026-08-21 09:00,1787302800000,DOTUSDT,SHORT,15m,1,hyperliquid,0.8753,0.89518,0.85542,2.271,100,2026-08-21 09:41,,,,,,,,,,,,,,,
2026-08-21 09:00,1787302800000,ENAUSDT,SHORT,15m,1,hyperliquid,0.1346,0.14517,0.12403,7.853,100,2026-08-21 09:41,,,,,,,,,,,,,,,
2026-08-21 09:00,1787302800000,ETCUSDT,SHORT,15m,1,hyperliquid,7.2901,7.5251,7.0551,3.224,100,2026-08-21 09:41,,,,,,,,,,,,,,,
2026-08-21 09:00,1787302800000,ETHUSDT,SHORT,15m,1,hyperliquid,2400.6,2450,2351.2,2.058,100,2026-08-21 09:41,,,,,,,,,,,,,,,
2026-08-21 09:00,1787302800000,FETUSDT,SHORT,15m,0,hyperliquid,0.15889,0.16329,0.15449,2.769,100,2026-08-21 09:41,,,,,,,,,,,,,,,
2026-08-21 09:00,1787302800000,ICPUSDT,SHORT,15m,1,hyperliquid,2.4412,2.503,2.3794,2.532,100,2026-08-21 09:41,,,,,,,,,,,,,,,
2026-08-21 09:00,1787302800000,INJUSDT,SHORT,15m,1,hyperliquid,4.8873,5.0342,4.7404,3.006,100,2026-08-21 09:41,,,,,,,,,,,,,,,
2026-08-21 09:00,1787302800000,LDOUSDT,SHORT,15m,1,hyperliquid,0.35835,0.37603,0.34067,4.934,100,2026-08-21 09:41,,,,,,,,,,,,,,,
2026-08-21 09:00,1787302800000,LINKUSDT,SHORT,15m,1,hyperliquid,11.434,11.846,11.022,3.603,100,2026-08-21 09:41,,,,,,,,,,,,,,,
2026-08-21 09:00,1787302800000,LTCUSDT,SHORT,15m,1,hyperliquid,50.136,51.523,48.749,2.766,100,2026-08-21 09:41,,,,,,,,,,,,,,,
2026-08-21 09:00,1787302800000,NEARUSDT,SHORT,15m,1,hyperliquid,1.888,1.9527,1.8233,3.427,100,2026-08-21 09:41,,,,,,,,,,,,,,,
2026-08-21 09:00,1787302800000,PENDLEUSDT,SHORT,15m,1,hyperliquid,1.576,1.6235,1.5285,3.014,100,2026-08-21 09:41,,,,,,,,,,,,,,,
2026-08-21 09:00,1787302800000,SOLUSDT,SHORT,15m,1,hyperliquid,91.447,93.452,89.442,2.193,100,2026-08-21 09:41,,,,,,,,,,,,,,,
2026-08-21 09:00,1787302800000,SUIUSDT,SHORT,15m,1,hyperliquid,0.78502,0.81549,0.75455,3.881,100,2026-08-21 09:41,,,,,,,,,,,,,,,
2026-08-21 09:00,1787302800000,TAOUSDT,SHORT,15m,1,hyperliquid,220.88,227.77,213.99,3.119,100,2026-08-21 09:41,,,,,,,,,,,,,,,
2026-08-21 09:00,1787302800000,TRUMPUSDT,SHORT,15m,0,hyperliquid,1.7261,1.7975,1.6547,4.136,100,2026-08-21 09:41,,,,,,,,,,,,,,,
2026-08-21 09:00,1787302800000,VIRTUALUSDT,SHORT,15m,1,hyperliquid,0.66031,0.68506,0.63556,3.748,100,2026-08-21 09:41,,,,,,,,,,,,,,,
2026-08-21 09:00,1787302800000,WLDUSDT,SHORT,15m,1,hyperliquid,0.38096,0.39521,0.36671,3.741,100,2026-08-21 09:41,,,,,,,,,,,,,,,
2026-08-21 09:00,1787302800000,XRPUSDT,SHORT,15m,1,hyperliquid,1.3635,1.4009,1.3261,2.743,100,2026-08-21 09:41,,,,,,,,,,,,,,,
2026-08-21 09:00,1787302800000,ZECUSDT,SHORT,15m,1,hyperliquid,630.75,650,611.5,3.052,100,2026-08-21 09:41,,,,,,,,,,,,,,,
2026-08-21 09:15,1787303700000,BTCUSDT,SHORT,15m,1,hyperliquid,77729,79584,75874,2.386,100,2026-08-21 09:41,,,,,,,,,,,,,,,
2026-08-21 10:00,1787306400000,XRPUSDT,SHORT,15m,1,hyperliquid,1.3933,1.4307,1.3559,2.684,100,2026-08-21 10:47,,,,,,,,,,,,,,,
2026-08-21 10:00,1787306400000,ZECUSDT,SHORT,15m,0,hyperliquid,646.33,660.65,632.01,2.216,100,2026-08-21 10:47,,,,,,,,,,,,,,,
2026-08-21 10:15,1787307300000,ETCUSDT,SHORT,15m,1,hyperliquid,7.3978,7.5251,7.2705,1.721,100,2026-08-21 10:47,,,,,,,,,,,,,,,
2026-08-21 11:30,1787311800000,AAVEUSDT,SHORT,15m,1,hyperliquid,110,113.95,106.05,3.591,100,2026-08-21 11:51,,,,,,,,,,,,,,,
2026-08-21 13:00,1787317200000,TRUMPUSDT,SHORT,15m,1,hyperliquid,1.8409,1.9198,1.762,4.286,100,2026-08-21 13:32,,,,,,,,,,,,,,,
2026-08-21 13:15,1787318100000,INJUSDT,SHORT,15m,0,hyperliquid,5.0046,5.0535,4.9557,0.977,100,2026-08-21 13:32,,,,,,,,,,,,,,,
2026-08-21 14:15,1787321700000,TRUMPUSDT,SHORT,15m,0,hyperliquid,1.8608,1.9198,1.8018,3.171,100,2026-08-21 15:03,,,,,,,,,,,,,,,
2026-08-21 14:30,1787322600000,VIRTUALUSDT,SHORT,15m,0,hyperliquid,0.71053,0.71911,0.70195,1.208,100,2026-08-21 15:03,,,,,,,,,,,,,,,
2026-08-21 15:15,1787325300000,TAOUSDT,SHORT,15m,0,hyperliquid,231.71,234.06,229.36,1.014,100,2026-08-21 15:48,,,,,,,,,,,,,,,
2026-08-21 15:30,1787326200000,TRUMPUSDT,SHORT,15m,0,hyperliquid,1.8992,1.9754,1.823,4.012,100,2026-08-21 15:48,,,,,,,,,,,,,,,
2026-08-21 16:00,1787328000000,LTCUSDT,SHORT,15m,1,hyperliquid,51.233,52.12,50.346,1.731,100,2026-08-21 16:30,,,,,,,,,,,,,,,
2026-08-21 16:30,1787329800000,ONDOUSDT,SHORT,15m,0,hyperliquid,0.40324,0.40737,0.39911,1.024,100,2026-08-21 17:06,,,,,,,,,,,,,,,
2026-08-21 17:45,1787334300000,BCHUSDT,SHORT,15m,1,hyperliquid,293,301.3,284.7,2.833,100,2026-08-21 18:14,,,,,,,,,,,,,,,
2026-08-21 17:45,1787334300000,LITUSDT,SHORT,15m,0,hyperliquid,2.9951,3.0413,2.9489,1.543,100,2026-08-21 18:14,,,,,,,,,,,,,,,
2026-08-21 18:15,1787336100000,LITUSDT,SHORT,15m,0,hyperliquid,3.0318,3.0566,3.007,0.818,100,2026-08-21 18:59,,,,,,,,,,,,,,,
2026-08-21 18:30,1787337000000,ETCUSDT,SHORT,15m,0,hyperliquid,7.5395,7.6461,7.4329,1.414,100,2026-08-21 18:59,,,,,,,,,,,,,,,
2026-08-21 18:45,1787337900000,CAKEUSDT,SHORT,15m,1,hyperliquid,1.7759,1.8254,1.7264,2.787,100,2026-08-21 19:31,,,,,,,,,,,,,,,
2026-08-21 19:00,1787338800000,LITUSDT,SHORT,15m,0,hyperliquid,3.0713,3.1046,3.038,1.084,100,2026-08-21 19:31,,,,,,,,,,,,,,,
2026-08-21 22:00,1787349600000,PENDLEUSDT,SHORT,15m,0,hyperliquid,1.6729,1.6837,1.6621,0.646,100,2026-08-21 22:21,,,,,,,,,,,,,,,
2026-08-21 22:15,1787350500000,SUIUSDT,SHORT,15m,1,hyperliquid,0.84864,0.86403,0.83325,1.813,100,2026-08-21 22:50,,,,,,,,,,,,,,,
2026-08-21 22:15,1787350500000,ZECUSDT,SHORT,15m,1,hyperliquid,724.13,739,709.26,2.053,100,2026-08-21 22:50,,,,,,,,,,,,,,,
2026-08-21 22:30,1787351400000,ATOMUSDT,SHORT,15m,0,hyperliquid,1.6032,1.6205,1.5859,1.079,100,2026-08-21 22:50,,,,,,,,,,,,,,,
2026-08-21 22:45,1787352300000,ETHUSDT,SHORT,15m,1,hyperliquid,2522.9,2550.5,2495.3,1.094,100,2026-08-21 23:20,,,,,,,,,,,,,,,
2026-08-21 22:45,1787352300000,LINKUSDT,SHORT,15m,1,hyperliquid,12.224,12.426,12.022,1.652,100,2026-08-21 23:20,,,,,,,,,,,,,,,
2026-08-21 22:45,1787352300000,SOLUSDT,SHORT,15m,0,hyperliquid,94.376,94.711,94.041,0.355,100,2026-08-21 23:20,,,,,,,,,,,,,,,
2026-08-21 23:00,1787353200000,AAVEUSDT,SHORT,15m,1,hyperliquid,120.93,122.82,119.04,1.563,100,2026-08-21 23:20,,,,,,,,,,,,,,,
2026-08-21 23:00,1787353200000,DOGEUSDT,SHORT,15m,0,hyperliquid,0.094152,0.094914,0.09339,0.809,100,2026-08-21 23:20,,,,,,,,,,,,,,,
2026-08-21 23:00,1787353200000,NEARUSDT,SHORT,15m,1,hyperliquid,1.9771,1.994,1.9602,0.855,100,2026-08-21 23:20,,,,,,,,,,,,,,,
2026-08-21 23:00,1787353200000,UNIUSDT,SHORT,15m,1,hyperliquid,4.1762,4.2066,4.1458,0.728,100,2026-08-21 23:20,,,,,,,,,,,,,,,
2026-08-21 23:00,1787353200000,XLMUSDT,SHORT,15m,1,hyperliquid,0.20213,0.20416,0.2001,1.004,100,2026-08-21 23:20,,,,,,,,,,,,,,,
2026-08-21 23:15,1787354100000,LTCUSDT,SHORT,15m,1,hyperliquid,53.618,54.278,52.958,1.231,100,2026-08-21 23:48,,,,,,,,,,,,,,,
2026-08-21 23:15,1787354100000,kSHIBUSDT,SHORT,15m,1,hyperliquid,0.00595,0.006234,0.005666,4.773,100,2026-08-21 23:48,,,,,,,,,,,,,,,
2026-08-21 23:30,1787355000000,DASHUSDT,SHORT,15m,1,hyperliquid,38.514,39.744,37.284,3.194,100,2026-08-21 23:48,,,,,,,,,,,,,,,
2026-08-21 23:30,1787355000000,DOTUSDT,SHORT,15m,1,hyperliquid,0.94132,0.95308,0.92956,1.249,100,2026-08-21 23:48,,,,,,,,,,,,,,,
2026-08-21 23:45,1787355900000,XRPUSDT,SHORT,15m,1,hyperliquid,1.4566,1.4788,1.4344,1.524,100,2026-08-22 01:04,,,,,,,,,,,,,,,
2026-08-22 00:30,1787358600000,AAVEUSDT,SHORT,15m,1,hyperliquid,122.7,124.67,120.73,1.606,100,2026-08-22 01:04,,,,,,,,,,,,,,,
2026-08-22 01:00,1787360400000,KAITOUSDT,SHORT,15m,1,hyperliquid,0.40411,0.4147,0.39352,2.621,100,2026-08-22 02:20,,,,,,,,,,,,,,,
2026-08-22 01:15,1787361300000,UNIUSDT,SHORT,15m,0,hyperliquid,4.2447,4.2717,4.2177,0.636,100,2026-08-22 02:20,,,,,,,,,,,,,,,
2026-08-22 01:30,1787362200000,DASHUSDT,SHORT,15m,0,hyperliquid,39.75,40.48,39.02,1.836,100,2026-08-22 02:20,,,,,,,,,,,,,,,
2026-08-22 01:45,1787363100000,PENDLEUSDT,SHORT,15m,1,hyperliquid,1.7146,1.7336,1.6956,1.108,100,2026-08-22 02:20,,,,,,,,,,,,,,,
2026-08-22 02:00,1787364000000,ETCUSDT,SHORT,15m,1,hyperliquid,8.6578,8.9797,8.3359,3.718,100,2026-08-22 02:20,,,,,,,,,,,,,,,
2026-08-22 02:45,1787366700000,INJUSDT,SHORT,15m,0,hyperliquid,5.1904,5.2241,5.1567,0.649,100,2026-08-22 03:20,,,,,,,,,,,,,,,
2026-08-22 03:00,1787367600000,ATOMUSDT,SHORT,15m,1,hyperliquid,1.6304,1.6487,1.6121,1.122,100,2026-08-22 03:20,,,,,,,,,,,,,,,
2026-08-22 03:00,1787367600000,COMPUSDT,SHORT,15m,0,hyperliquid,20.435,20.57,20.3,0.661,100,2026-08-22 03:20,,,,,,,,,,,,,,,
2026-08-22 03:00,1787367600000,GRAMUSDT,SHORT,15m,0,hyperliquid,1.5298,1.545,1.5146,0.994,100,2026-08-22 03:20,,,,,,,,,,,,,,,
2026-08-22 03:00,1787367600000,ICPUSDT,SHORT,15m,1,hyperliquid,2.6251,2.6574,2.5928,1.230,100,2026-08-22 03:20,,,,,,,,,,,,,,,
2026-08-22 03:30,1787369400000,APTUSDT,SHORT,15m,0,hyperliquid,0.6835,0.6852,0.6818,0.249,100,2026-08-22 04:05,,,,,,,,,,,,,,,
2026-08-22 03:30,1787369400000,ASTERUSDT,SHORT,15m,1,hyperliquid,0.75754,0.78075,0.73433,3.064,100,2026-08-22 04:05,,,,,,,,,,,,,,,
2026-08-22 03:30,1787369400000,COMPUSDT,SHORT,15m,0,hyperliquid,20.595,20.691,20.499,0.466,100,2026-08-22 04:05,,,,,,,,,,,,,,,
2026-08-22 03:30,1787369400000,DOTUSDT,SHORT,15m,1,hyperliquid,1.0006,1.0125,0.9887,1.189,100,2026-08-22 04:05,,,,,,,,,,,,,,,
2026-08-22 03:30,1787369400000,ETCUSDT,SHORT,15m,0,hyperliquid,8.8375,9.1019,8.5731,2.992,100,2026-08-22 04:05,,,,,,,,,,,,,,,
2026-08-22 03:30,1787369400000,INJUSDT,SHORT,15m,0,hyperliquid,5.2268,5.2803,5.1733,1.024,100,2026-08-22 04:05,,,,,,,,,,,,,,,
2026-08-22 03:30,1787369400000,LTCUSDT,SHORT,15m,0,hyperliquid,54.141,55.133,53.149,1.832,100,2026-08-22 04:05,,,,,,,,,,,,,,,
2026-08-22 03:30,1787369400000,WLDUSDT,SHORT,15m,0,hyperliquid,0.43237,0.43509,0.42965,0.629,100,2026-08-22 04:05,,,,,,,,,,,,,,,
2026-08-22 03:45,1787370300000,AAVEUSDT,SHORT,15m,1,hyperliquid,126.63,129.27,123.99,2.085,100,2026-08-22 04:05,,,,,,,,,,,,,,,
2026-08-22 03:45,1787370300000,AVAXUSDT,SHORT,15m,1,hyperliquid,8.0932,8.1299,8.0565,0.453,100,2026-08-22 04:05,,,,,,,,,,,,,,,
2026-08-22 03:45,1787370300000,CAKEUSDT,SHORT,15m,1,hyperliquid,1.8404,1.8577,1.8231,0.940,100,2026-08-22 04:05,,,,,,,,,,,,,,,
2026-08-22 03:45,1787370300000,FILUSDT,SHORT,15m,0,hyperliquid,0.84917,0.86197,0.83637,1.507,100,2026-08-22 04:05,,,,,,,,,,,,,,,
2026-08-22 03:45,1787370300000,ICPUSDT,SHORT,15m,1,hyperliquid,2.6407,2.7163,2.5651,2.863,100,2026-08-22 04:05,,,,,,,,,,,,,,,
2026-08-22 03:45,1787370300000,NEARUSDT,SHORT,15m,1,hyperliquid,2.1006,2.1267,2.0745,1.243,100,2026-08-22 04:05,,,,,,,,,,,,,,,
2026-08-22 03:45,1787370300000,ONDOUSDT,SHORT,15m,0,hyperliquid,0.42031,0.42604,0.41458,1.363,100,2026-08-22 04:05,,,,,,,,,,,,,,,
2026-08-22 04:00,1787371200000,DASHUSDT,SHORT,15m,1,hyperliquid,45.137,47.758,42.516,5.807,100,2026-08-22 04:49,,,,,,,,,,,,,,,
2026-08-22 04:00,1787371200000,HYPEUSDT,SHORT,15m,1,hyperliquid,81.538,82.535,80.541,1.223,100,2026-08-22 04:48,,,,,,,,,,,,,,,
2026-08-22 04:00,1787371200000,UNIUSDT,SHORT,15m,1,hyperliquid,4.3914,4.4502,4.3326,1.339,100,2026-08-22 04:49,,,,,,,,,,,,,,,
2026-08-22 04:00,1787371200000,ZECUSDT,SHORT,15m,1,hyperliquid,819.15,861.71,776.59,5.196,100,2026-08-22 04:48,,,,,,,,,,,,,,,
2026-08-22 04:15,1787372100000,TAOUSDT,SHORT,15m,1,hyperliquid,248.45,249.69,247.21,0.499,100,2026-08-22 04:49,,,,,,,,,,,,,,,
2026-08-22 04:30,1787373000000,ENAUSDT,SHORT,15m,0,hyperliquid,0.16356,0.16615,0.16097,1.584,100,2026-08-22 04:49,,,,,,,,,,,,,,,
2026-08-22 04:45,1787373900000,LINKUSDT,SHORT,15m,0,hyperliquid,12.57,12.658,12.482,0.700,100,2026-08-22 05:24,,,,,,,,,,,,,,,
2026-08-22 05:00,1787374800000,APTUSDT,SHORT,15m,1,hyperliquid,0.6508,0.7162,0.5854,10.049,100,2026-08-22 05:24,,,,,,,,,,,,,,,
2026-08-22 05:00,1787374800000,ARBUSDT,SHORT,15m,1,hyperliquid,0.09815,0.10969,0.08661,11.758,100,2026-08-22 05:24,,,,,,,,,,,,,,,
2026-08-22 05:00,1787374800000,ATOMUSDT,SHORT,15m,1,hyperliquid,1.6016,1.7188,1.4844,7.318,100,2026-08-22 05:24,,,,,,,,,,,,,,,
2026-08-22 05:00,1787374800000,AVAXUSDT,SHORT,15m,1,hyperliquid,7.6652,8.3579,6.9725,9.037,100,2026-08-22 05:24,,,,,,,,,,,,,,,
2026-08-22 05:00,1787374800000,BNBUSDT,SHORT,15m,1,hyperliquid,697.63,727.81,667.45,4.326,100,2026-08-22 05:24,,,,,,,,,,,,,,,
2026-08-22 05:00,1787374800000,CAKEUSDT,SHORT,15m,0,hyperliquid,1.7803,1.8632,1.6974,4.657,100,2026-08-22 05:24,,,,,,,,,,,,,,,
2026-08-22 05:00,1787374800000,COMPUSDT,SHORT,15m,0,hyperliquid,20.026,20.92,19.132,4.464,100,2026-08-22 05:24,,,,,,,,,,,,,,,
2026-08-22 05:00,1787374800000,DOTUSDT,SHORT,15m,1,hyperliquid,0.95493,1.0328,0.87706,8.155,100,2026-08-22 05:24,,,,,,,,,,,,,,,
2026-08-22 05:00,1787374800000,ICPUSDT,SHORT,15m,1,hyperliquid,2.4443,2.7212,2.1674,11.328,100,2026-08-22 05:24,,,,,,,,,,,,,,,
2026-08-22 05:00,1787374800000,INJUSDT,SHORT,15m,0,hyperliquid,4.9294,5.3412,4.5176,8.354,100,2026-08-22 05:24,,,,,,,,,,,,,,,
2026-08-22 05:00,1787374800000,MNTUSDT,SHORT,15m,1,hyperliquid,0.50817,0.55144,0.4649,8.515,100,2026-08-22 05:24,,,,,,,,,,,,,,,
2026-08-22 05:00,1787374800000,NEARUSDT,SHORT,15m,1,hyperliquid,1.8876,2.1505,1.6247,13.928,100,2026-08-22 05:24,,,,,,,,,,,,,,,
2026-08-22 05:00,1787374800000,OPUSDT,SHORT,15m,1,hyperliquid,0.10984,0.12346,0.09622,12.400,100,2026-08-22 05:24,,,,,,,,,,,,,,,
2026-08-22 05:00,1787374800000,PENDLEUSDT,SHORT,15m,1,hyperliquid,1.6321,1.7729,1.4913,8.627,100,2026-08-22 05:24,,,,,,,,,,,,,,,
2026-08-22 05:00,1787374800000,POLUSDT,SHORT,15m,1,hyperliquid,0.10317,0.11197,0.09437,8.530,100,2026-08-22 05:24,,,,,,,,,,,,,,,
2026-08-22 05:00,1787374800000,SOLUSDT,SHORT,15m,1,hyperliquid,93.279,102.9,83.658,10.314,100,2026-08-22 05:24,,,,,,,,,,,,,,,
2026-08-22 05:00,1787374800000,SUIUSDT,SHORT,15m,1,hyperliquid,0.85083,0.95637,0.74529,12.404,100,2026-08-22 05:24,,,,,,,,,,,,,,,
2026-08-22 05:00,1787374800000,TRXUSDT,SHORT,15m,1,hyperliquid,0.34719,0.35179,0.34259,1.325,100,2026-08-22 05:24,,,,,,,,,,,,,,,
2026-08-22 05:00,1787374800000,VIRTUALUSDT,SHORT,15m,1,hyperliquid,0.69706,0.76979,0.62433,10.434,100,2026-08-22 05:24,,,,,,,,,,,,,,,
2026-08-22 05:00,1787374800000,WLDUSDT,SHORT,15m,1,hyperliquid,0.41148,0.46499,0.35797,13.004,100,2026-08-22 05:24,,,,,,,,,,,,,,,
2026-08-22 05:00,1787374800000,XMRUSDT,SHORT,15m,1,hyperliquid,434.11,467.44,400.78,7.678,100,2026-08-22 05:24,,,,,,,,,,,,,,,
2026-08-22 05:00,1787374800000,XRPUSDT,SHORT,15m,1,hyperliquid,1.5433,1.7044,1.3822,10.439,100,2026-08-22 05:24,,,,,,,,,,,,,,,
2026-08-22 05:45,1787377500000,TRUMPUSDT,SHORT,15m,1,hyperliquid,2.9889,3.7311,2.2467,24.832,100,2026-08-22 06:35,,,,,,,,,,,,,,,
2026-08-23 05:15,1787462100000,BCHUSDT,LONG,15m,0,hyperliquid,268.04,264.83,271.25,1.198,100,2026-08-23 05:45,,,,,,,,,,,,,,,
2026-08-23 05:15,1787462100000,BTCUSDT,LONG,15m,0,hyperliquid,76286,75608,76964,0.889,100,2026-08-23 05:45,,,,,,,,,,,,,,,
2026-08-23 05:15,1787462100000,ETHUSDT,LONG,15m,0,hyperliquid,2381.2,2357.2,2405.2,1.008,100,2026-08-23 05:45,,,,,,,,,,,,,,,
2026-08-23 05:15,1787462100000,LINKUSDT,LONG,15m,0,hyperliquid,11.24,11.066,11.414,1.548,100,2026-08-23 05:45,,,,,,,,,,,,,,,
2026-08-23 10:30,1787481000000,ENAUSDT,SHORT,15m,1,hyperliquid,0.17588,0.1808,0.17096,2.797,100,2026-08-23 10:59,,,,,,,,,,,,,,,
2026-08-23 11:30,1787484600000,ETHFIUSDT,SHORT,15m,1,hyperliquid,0.64214,0.65614,0.62814,2.180,100,2026-08-23 11:48,,,,,,,,,,,,,,,
2026-08-23 11:45,1787485500000,GRAMUSDT,SHORT,15m,1,hyperliquid,1.523,1.549,1.497,1.707,100,2026-08-23 12:34,,,,,,,,,,,,,,,
2026-08-23 12:15,1787487300000,XPLUSDT,SHORT,15m,0,hyperliquid,0.10464,0.10563,0.10365,0.946,100,2026-08-23 12:34,,,,,,,,,,,,,,,
2026-08-23 14:15,1787494500000,AAVEUSDT,SHORT,15m,1,hyperliquid,138.25,142.34,134.16,2.958,100,2026-08-23 14:49,,,,,,,,,,,,,,,
2026-08-23 14:15,1787494500000,CAKEUSDT,SHORT,15m,1,hyperliquid,1.7545,1.7675,1.7415,0.741,100,2026-08-23 14:49,,,,,,,,,,,,,,,
2026-08-23 14:15,1787494500000,COMPUSDT,SHORT,15m,1,hyperliquid,21.142,21.811,20.473,3.164,100,2026-08-23 14:49,,,,,,,,,,,,,,,
2026-08-23 14:15,1787494500000,ETHUSDT,SHORT,15m,1,hyperliquid,2457.4,2486.9,2427.9,1.200,100,2026-08-23 14:49,,,,,,,,,,,,,,,
2026-08-23 14:15,1787494500000,LDOUSDT,SHORT,15m,1,hyperliquid,0.38756,0.40171,0.37341,3.651,100,2026-08-23 14:49,,,,,,,,,,,,,,,
2026-08-23 14:15,1787494500000,UNIUSDT,SHORT,15m,1,hyperliquid,4.5603,4.6752,4.4454,2.520,100,2026-08-23 14:49,,,,,,,,,,,,,,,
2026-08-23 14:30,1787495400000,INJUSDT,SHORT,15m,1,hyperliquid,5.113,5.2022,5.0238,1.745,100,2026-08-23 14:49,,,,,,,,,,,,,,,
2026-08-23 14:30,1787495400000,MNTUSDT,SHORT,15m,1,hyperliquid,0.49535,0.49883,0.49187,0.703,100,2026-08-23 14:49,,,,,,,,,,,,,,,
2026-08-23 14:30,1787495400000,PENDLEUSDT,SHORT,15m,1,hyperliquid,1.894,1.9856,1.8024,4.836,100,2026-08-23 14:49,,,,,,,,,,,,,,,
2026-08-23 14:30,1787495400000,TAOUSDT,SHORT,15m,1,hyperliquid,230.5,235.51,225.49,2.174,100,2026-08-23 14:49,,,,,,,,,,,,,,,
2026-08-23 14:30,1787495400000,TRUMPUSDT,SHORT,15m,1,hyperliquid,2.6905,2.9427,2.4383,9.374,100,2026-08-23 14:49,,,,,,,,,,,,,,,
2026-08-23 14:30,1787495400000,VIRTUALUSDT,SHORT,15m,1,hyperliquid,0.70107,0.73782,0.66432,5.242,100,2026-08-23 14:49,,,,,,,,,,,,,,,
2026-08-23 14:30,1787495400000,WLDUSDT,SHORT,15m,1,hyperliquid,0.39775,0.41402,0.38148,4.091,100,2026-08-23 14:49,,,,,,,,,,,,,,,
2026-08-23 14:30,1787495400000,ZECUSDT,SHORT,15m,1,hyperliquid,844.61,878.23,810.99,3.981,100,2026-08-23 14:49,,,,,,,,,,,,,,,
2026-08-23 15:00,1787497200000,PENDLEUSDT,SHORT,15m,1,hyperliquid,1.9111,1.9856,1.8366,3.898,100,2026-08-23 15:19,,,,,,,,,,,,,,,
2026-08-23 16:45,1787503500000,INJUSDT,SHORT,15m,0,hyperliquid,5.2904,5.3472,5.2336,1.074,100,2026-08-23 17:18,,,,,,,,,,,,,,,
2026-08-23 16:45,1787503500000,PENGUUSDT,SHORT,15m,1,hyperliquid,0.009334,0.009555,0.009113,2.368,100,2026-08-23 17:18,,,,,,,,,,,,,,,
2026-08-23 17:00,1787504400000,MNTUSDT,SHORT,15m,1,hyperliquid,0.51832,0.52356,0.51308,1.011,100,2026-08-23 17:18,,,,,,,,,,,,,,,
2026-08-23 17:15,1787505300000,INJUSDT,SHORT,15m,1,hyperliquid,5.259,5.3483,5.1697,1.698,100,2026-08-23 17:45,,,,,,,,,,,,,,,
2026-08-23 19:00,1787511600000,TAOUSDT,SHORT,15m,0,hyperliquid,238.64,241.28,236,1.106,100,2026-08-23 19:34,,,,,,,,,,,,,,,
2026-08-23 21:15,1787519700000,TAOUSDT,SHORT,15m,0,hyperliquid,244.34,246.35,242.33,0.823,100,2026-08-23 21:45,,,,,,,,,,,,,,,
2026-08-23 21:45,1787521500000,NEARUSDT,SHORT,15m,0,hyperliquid,2.004,2.0412,1.9668,1.856,100,2026-08-23 22:18,,,,,,,,,,,,,,,
2026-08-24 00:30,1787531400000,LITUSDT,SHORT,15m,1,hyperliquid,3.5443,3.6396,3.449,2.689,100,2026-08-24 01:50,,,,,,,,,,,,,,,
2026-08-24 05:15,1787548500000,LITUSDT,SHORT,15m,0,hyperliquid,3.7196,3.7929,3.6463,1.971,100,2026-08-24 05:53,,,,,,,,,,,,,,,
2026-08-24 10:15,1787566500000,LTCUSDT,SHORT,15m,0,hyperliquid,53.518,54.122,52.914,1.129,100,2026-08-24 11:01,,,,,,,,,,,,,,,
2026-08-24 10:45,1787568300000,VIRTUALUSDT,SHORT,15m,1,hyperliquid,0.76292,0.77951,0.74633,2.175,100,2026-08-24 11:01,,,,,,,,,,,,,,,
2026-08-24 13:15,1787577300000,BCHUSDT,SHORT,15m,1,hyperliquid,280.78,285.8,275.76,1.788,100,2026-08-24 14:04,,,,,,,,,,,,,,,
2026-08-24 13:15,1787577300000,BTCUSDT,SHORT,15m,0,hyperliquid,79074,79479,78669,0.512,100,2026-08-24 14:04,,,,,,,,,,,,,,,
2026-08-24 14:45,1787582700000,BTCUSDT,SHORT,15m,1,hyperliquid,79565,79895,79235,0.415,100,2026-08-24 15:48,,,,,,,,,,,,,,,
2026-08-24 15:30,1787585400000,INJUSDT,SHORT,15m,1,hyperliquid,5.7134,5.8126,5.6142,1.736,100,2026-08-24 15:48,,,,,,,,,,,,,,,
2026-08-24 15:45,1787586300000,VIRTUALUSDT,SHORT,15m,1,hyperliquid,0.8134,0.83747,0.78933,2.959,100,2026-08-24 16:34,,,,,,,,,,,,,,,
2026-08-24 17:15,1787591700000,INJUSDT,SHORT,15m,1,hyperliquid,5.8284,6.0029,5.6539,2.994,100,2026-08-24 17:57,,,,,,,,,,,,,,,
2026-08-24 19:30,1787599800000,XMRUSDT,SHORT,15m,1,hyperliquid,441.39,449.04,433.74,1.733,100,2026-08-24 19:55,,,,,,,,,,,,,,,
2026-08-25 01:30,1787621400000,SOLUSDT,SHORT,15m,1,hyperliquid,101.07,102.9,99.24,1.811,100,2026-08-25 02:44,,,,,,,,,,,,,,,
2026-08-25 02:45,1787625900000,BTCUSDT,SHORT,15m,1,hyperliquid,80672,81299,80045,0.777,100,2026-08-25 03:34,,,,,,,,,,,,,,,
2026-08-25 15:00,1787670000000,VVVUSDT,SHORT,15m,1,hyperliquid,18.042,18.55,17.534,2.816,100,2026-08-25 15:59,,,,,,,,,,,,,,,
2026-08-25 21:00,1787691600000,ETHFIUSDT,LONG,15m,0,hyperliquid,0.5617,0.55401,0.56939,1.369,100,2026-08-25 21:43,,,,,,,,,,,,,,,
2026-08-25 21:00,1787691600000,SUIUSDT,LONG,15m,0,hyperliquid,0.7573,0.74512,0.76948,1.608,100,2026-08-25 21:43,,,,,,,,,,,,,,,
2026-08-25 21:15,1787692500000,COMPUSDT,LONG,15m,1,hyperliquid,19.112,18.897,19.327,1.125,100,2026-08-25 21:43,,,,,,,,,,,,,,,
2026-08-25 21:15,1787692500000,ETHUSDT,LONG,15m,0,hyperliquid,2432.6,2407.5,2457.7,1.032,100,2026-08-25 21:43,,,,,,,,,,,,,,,
2026-08-25 21:15,1787692500000,INJUSDT,LONG,15m,1,hyperliquid,5.4735,5.3554,5.5916,2.158,100,2026-08-25 21:43,,,,,,,,,,,,,,,
2026-08-25 21:15,1787692500000,LINKUSDT,LONG,15m,1,hyperliquid,11.285,11.134,11.436,1.338,100,2026-08-25 21:43,,,,,,,,,,,,,,,
2026-08-25 21:15,1787692500000,LTCUSDT,LONG,15m,1,hyperliquid,50.173,49.458,50.888,1.425,100,2026-08-25 21:43,,,,,,,,,,,,,,,
2026-08-25 21:15,1787692500000,PENDLEUSDT,LONG,15m,0,hyperliquid,1.7014,1.6747,1.7281,1.569,100,2026-08-25 21:43,,,,,,,,,,,,,,,
2026-08-25 21:15,1787692500000,TAOUSDT,LONG,15m,1,hyperliquid,228.91,224.14,233.68,2.084,100,2026-08-25 21:43,,,,,,,,,,,,,,,
2026-08-25 21:30,1787693400000,APTUSDT,LONG,15m,1,hyperliquid,0.5682,0.555,0.5814,2.323,100,2026-08-25 22:02,,,,,,,,,,,,,,,
2026-08-25 21:30,1787693400000,AVAXUSDT,LONG,15m,1,hyperliquid,7.3514,7.2262,7.4766,1.703,100,2026-08-25 22:02,,,,,,,,,,,,,,,
2026-08-25 21:30,1787693400000,DASHUSDT,LONG,15m,1,hyperliquid,38.48,35.75,41.21,7.095,100,2026-08-25 22:02,,,,,,,,,,,,,,,
2026-08-25 21:30,1787693400000,FILUSDT,LONG,15m,1,hyperliquid,0.71012,0.6973,0.72294,1.805,100,2026-08-25 22:02,,,,,,,,,,,,,,,
2026-08-25 21:30,1787693400000,KAITOUSDT,LONG,15m,1,hyperliquid,0.32283,0.31468,0.33098,2.525,100,2026-08-25 22:02,,,,,,,,,,,,,,,
2026-08-25 21:30,1787693400000,TRUMPUSDT,LONG,15m,1,hyperliquid,2.2077,2.1745,2.2409,1.504,100,2026-08-25 22:02,,,,,,,,,,,,,,,
2026-08-25 21:30,1787693400000,XRPUSDT,LONG,15m,1,hyperliquid,1.4372,1.4025,1.4719,2.414,100,2026-08-25 22:02,,,,,,,,,,,,,,,
2026-08-25 21:30,1787693400000,ZECUSDT,LONG,15m,1,hyperliquid,778.41,751.57,805.25,3.448,100,2026-08-25 22:02,,,,,,,,,,,,,,,
2026-08-26 00:15,1787703300000,DASHUSDT,LONG,15m,0,hyperliquid,38.08,37.737,38.423,0.901,100,2026-08-26 01:50,,,,,,,,,,,,,,,
2026-08-26 00:15,1787703300000,LTCUSDT,LONG,15m,0,hyperliquid,49.973,49.747,50.199,0.452,100,2026-08-26 01:50,,,,,,,,,,,,,,,
2026-09-24 19:15,1790277300000,LINKUSDT,SHORT,15m,1,binance,13.189,13.53,12.848,2.585,100,2026-09-24 21:08,,,,,,,,,,,,,,,
2026-09-24 19:45,1790279100000,AAVEUSDT,SHORT,15m,0,binance,146.84,147.48,146.2,0.436,100,2026-09-24 21:08,,,,,,,,,,,,,,,
2026-09-24 20:00,1790280000000,PENDLEUSDT,SHORT,15m,0,binance,2.5838,2.6272,2.5404,1.680,100,2026-09-24 21:08,,,,,,,,,,,,,,,
2026-09-25 08:30,1790325000000,ASTERUSDT,SHORT,15m,0,binance,0.7324,0.7352,0.7296,0.382,100,2026-09-25 08:45,0.47,,,,-787563,159591,0.52,3.49,новые лонги,0.84,0.26,4.03,0.03,2.54,"шорт: на замерах −0.2% на сделку (5 монет, ~13 000 сделок); шорт против растущего CVD"
2026-09-25 08:30,1790325000000,ONDOUSDT,SHORT,15m,1,binance,0.5624,0.5793,0.5455,3.005,100,2026-09-25 08:45,0.47,,,,4735758,3178435,3.10,4.65,новые лонги,3.06,0.69,8.69,0.56,20.19,"шорт: на замерах −0.2% на сделку (5 монет, ~13 000 сделок); шорт против растущего CVD; кластер снизу в 8.69% — половина хода"
2026-09-25 08:45,1790325900000,LDOUSDT,SHORT,15m,1,binance,0.4599,0.4765,0.4433,3.609,100,2026-09-25 09:00,0.32,вверх,вверх,выше минимумы (14/19),1443433,188800,7.56,5.82,новые лонги,4.48,0.18,7.32,0.26,2.48,"шорт: на замерах −0.2% на сделку (5 монет, ~13 000 сделок); шорт против растущего CVD; шорт против тренда 1h"
2026-09-25 10:00,1790330400000,NEARUSDT,SHORT,15m,1,binance,4.935,5.061,4.809,2.553,100,2026-09-25 10:15,0.47,вверх,вверх,флет (11↑/9↓),-1810215,983214,1.95,8.96,новые лонги,3.27,0.20,10.22,0.08,2.78,"шорт: на замерах −0.2% на сделку (5 монет, ~13 000 сделок); шорт против растущего CVD; шорт против тренда 1h"
2026-09-25 10:15,1790331300000,LINKUSDT,SHORT,15m,1,binance,13.944,14.168,13.72,1.606,100,2026-09-25 10:30,0.42,вверх,вверх,выше минимумы (13/19),89949,-270819,1.84,4.21,новые лонги,2.18,0.29,5.64,0.13,1.77,"шорт: на замерах −0.2% на сделку (5 монет, ~13 000 сделок); шорт против тренда 1h"
2026-09-25 10:30,1790332200000,NEARUSDT,SHORT,15m,1,binance,4.986,5.061,4.911,1.504,100,2026-09-25 10:45,0.53,вверх,вверх,флет (13↑/10↓),-1740637,709550,2.60,10.82,новые лонги,2.01,0.70,11.14,0.08,2.95,"шорт: на замерах −0.2% на сделку (5 монет, ~13 000 сделок); шорт против растущего CVD; шорт против тренда 1h"
2026-09-25 11:45,1790336700000,ENAUSDT,SHORT,15m,0,binance,0.2413,0.24391,0.23869,1.082,100,2026-09-25 12:00,0.32,вверх,вверх,флет (10↑/9↓),-21192221,-11571817,3.95,9.49,новые лонги,1.91,0.97,9.70,0.39,2.65,"шорт: на замерах −0.2% на сделку (5 монет, ~13 000 сделок); шорт против тренда 1h"
2026-09-25 12:00,1790337600000,SOLUSDT,SHORT,15m,1,binance,119.89,122.21,117.57,1.935,100,2026-09-25 12:15,0.26,вверх,вверх,флет (8↑/7↓),288630,253160,3.06,2.88,новые лонги,2.21,1.28,3.70,0.20,1.02,"шорт: на замерах −0.2% на сделку (5 монет, ~13 000 сделок); шорт против растущего CVD; шорт против тренда 1h"
2026-09-25 12:15,1790338500000,CAKEUSDT,SHORT,15m,1,binance,2.8055,2.8475,2.7635,1.497,100,2026-09-25 12:30,-0.11,вверх,вверх,флет (10↑/10↓),271992,132758,8.23,2.24,новые лонги,1.55,0.48,3.92,1.03,0.87,"шорт: на замерах −0.2% на сделку (5 монет, ~13 000 сделок); шорт против растущего CVD; шорт против тренда 1h"
2026-09-25 12:45,1790340300000,XRPUSDT,SHORT,15m,1,binance,1.6002,1.6299,1.5705,1.856,100,2026-09-25 13:00,0.32,вверх,вверх,флет (11↑/11↓),14944973,11424591,5.35,3.77,новые лонги,2.34,1.32,5.28,0.39,1.20,"шорт: на замерах −0.2% на сделку (5 монет, ~13 000 сделок); шорт против растущего CVD; шорт против тренда 1h"
2026-09-25 13:00,1790341200000,SUIUSDT,SHORT,15m,1,binance,1.1333,1.1612,1.1054,2.462,100,2026-09-25 13:15,0.42,вверх,вверх,выше минимумы (13/19),-3374378,-914161,4.08,8.98,новые лонги,2.97,0.92,11.73,0.20,2.64,"шорт: на замерах −0.2% на сделку (5 монет, ~13 000 сделок); шорт против тренда 1h"
2026-09-25 13:00,1790341200000,UNIUSDT,SHORT,15m,1,binance,9.811,9.923,9.699,1.142,100,2026-09-25 13:15,0.21,вверх,вверх,флет (11↑/9↓),-278013,210940,4.73,6.01,новые лонги,1.41,0.31,7.96,0.21,1.50,"шорт: на замерах −0.2% на сделку (5 монет, ~13 000 сделок); шорт против растущего CVD; шорт против тренда 1h"
2026-09-25 14:00,1790344800000,NEARUSDT,SHORT,15m,1,binance,5.049,5.19,4.908,2.793,100,2026-09-25 14:15,0.16,вверх,вверх,выше минимумы (11/19),-737253,27487,3.80,2.31,новые лонги,3.06,0.41,3.48,0.40,3.24,"шорт: на замерах −0.2% на сделку (5 монет, ~13 000 сделок); шорт против растущего CVD; шорт против тренда 1h"
2026-09-25 16:45,1790354700000,AAVEUSDT,SHORT,15m,0,binance,152.94,155,150.88,1.347,100,2026-09-25 17:00,0.05,вверх,вверх,флет (12↑/9↓),-16229,-1623,-2.54,2.98,сквиз шортов,1.56,0.93,6.21,1.00,1.26,"шорт: на замерах −0.2% на сделку (5 монет, ~13 000 сделок); шорт против тренда 1h"
2026-09-26 15:45,1790437500000,ICPUSDT,SHORT,15m,0,binance,3.299,3.328,3.27,0.879,100,2026-09-26 16:04,0.11,вверх,вверх,флет (10↑/7↓),75292,152673,1.98,3.13,новые лонги,1.30,0.55,4.12,0.06,1.02,"шорт: на замерах −0.2% на сделку (5 монет, ~13 000 сделок); шорт против растущего CVD; шорт против тренда 1h"
2026-09-26 15:30,1790436600000,ATOMUSDT,SHORT,15m,0,binance,1.864,1.879,1.849,0.805,100,2026-09-26 16:04,0.26,вверх,вверх,выше минимумы (11/19),-169018,17996,-1.48,1.86,сквиз шортов,0.95,0.76,3.12,0.21,0.85,"шорт: на замерах −0.2% на сделку (5 монет, ~13 000 сделок); шорт против растущего CVD; шорт против тренда 1h"
2026-09-26 15:45,1790437500000,DASHUSDT,SHORT,15m,1,binance,71.52,73,70.04,2.069,100,2026-09-26 16:04,0.42,вверх,вверх,флет (11↑/8↓),-22900,-43669,4.94,5.69,новые лонги,2.58,1.51,12.55,0.06,2.31,"шорт: на замерах −0.2% на сделку (5 монет, ~13 000 сделок); шорт против тренда 1h"
2026-09-26 15:45,1790437500000,VIRTUALUSDT,SHORT,15m,0,binance,0.8129,0.8206,0.8052,0.947,100,2026-09-26 16:04,0.21,вверх,вверх,флет (8↑/9↓),-1041203,-87729,3.64,3.26,новые лонги,1.34,0.40,4.85,0.09,1.21,"шорт: на замерах −0.2% на сделку (5 монет, ~13 000 сделок); шорт против тренда 1h"
2026-09-26 16:00,1790438400000,TAOUSDT,SHORT,15m,0,binance,334.53,341.3,327.76,2.024,100,2026-09-26 16:15,0.21,вверх,вверх,флет (11↑/9↓),11301,9473,5.37,-0.01,новые шорты,2.50,1.25,3.48,0.49,1.55,"шорт: на замерах −0.2% на сделку (5 монет, ~13 000 сделок); шорт против растущего CVD; шорт против тренда 1h"
2026-09-26 16:00,1790438400000,DOTUSDT,SHORT,15m,1,binance,1.2703,1.2896,1.251,1.519,100,2026-09-26 16:15,0.37,вверх,вверх,флет (10↑/7↓),-3187016,-621267,-0.43,3.07,OI стоит,1.53,0.48,4.62,0.21,1.07,"шорт: на замерах −0.2% на сделку (5 монет, ~13 000 сделок); шорт против тренда 1h"
2026-09-26 16:00,1790438400000,ETHFIUSDT,SHORT,15m,1,binance,0.7656,0.7751,0.7561,1.241,100,2026-09-26 16:15,0.21,вверх,вверх,выше минимумы (13/19),-485923,364346,-0.29,5.80,OI стоит,2.72,0.99,7.30,0.21,1.20,"шорт: на замерах −0.2% на сделку (5 монет, ~13 000 сделок); шорт против растущего CVD; шорт против тренда 1h"
2026-09-26 16:15,1790439300000,WLDUSDT,SHORT,15m,1,binance,0.539,0.5518,0.5262,2.375,100,2026-09-26 16:30,0.47,вверх,вверх,флет (11↑/9↓),-19202932,-7144416,6.00,9.91,новые лонги,4.18,0.57,12.15,0.51,2.47,"шорт: на замерах −0.2% на сделку (5 монет, ~13 000 сделок); шорт против тренда 1h"
2026-09-26 16:30,1790440200000,ICPUSDT,SHORT,15m,1,binance,3.322,3.357,3.287,1.054,100,2026-09-26 16:45,0.26,вверх,вверх,выше минимумы (12/19),31771,20380,2.15,4.27,новые лонги,1.07,0.18,4.78,0.06,1.09,"шорт: на замерах −0.2% на сделку (5 монет, ~13 000 сделок); шорт против растущего CVD; шорт против тренда 1h"
2026-09-26 17:00,1790442000000,DOTUSDT,SHORT,15m,1,binance,1.2857,1.3066,1.2648,1.626,100,2026-09-26 17:15,0.32,вверх,вверх,выше минимумы (11/19),-3133723,-1116866,2.07,5.14,новые лонги,2.64,0.27,5.76,0.21,1.23,"шорт: на замерах −0.2% на сделку (5 монет, ~13 000 сделок); шорт против тренда 1h"
2026-09-26 17:00,1790442000000,FILUSDT,SHORT,15m,1,binance,1.1782,1.231,1.1254,4.481,100,2026-09-26 17:15,0.37,вверх,вверх,выше минимумы (12/19),-921211,-2871774,11.33,9.25,новые лонги,5.27,1.00,9.26,0.18,2.18,"шорт: на замерах −0.2% на сделку (5 монет, ~13 000 сделок); шорт против тренда 1h"
2026-09-26 17:15,1790442900000,DASHUSDT,SHORT,15m,0,binance,72.31,73.3,71.32,1.369,100,2026-09-26 17:30,0.16,вверх,вверх,выше минимумы (14/19),-21876,-18126,4.18,3.57,новые лонги,1.46,1.51,13.50,0.06,2.33,"шорт: на замерах −0.2% на сделку (5 монет, ~13 000 сделок); шорт против тренда 1h"
2026-09-27 07:00,1790492400000,BCHUSDT,SHORT,15m,0,binance,342.58,345.63,339.53,0.890,100,2026-09-27 07:58,-0.05,вверх,вверх,флет (9↑/10↓),14361,22173,3.74,2.61,новые лонги,0.99,0.10,3.57,0.24,0.70,"шорт: на замерах −0.2% на сделку (5 монет, ~13 000 сделок); шорт против растущего CVD; шорт против тренда 1h"
2026-09-27 07:30,1790494200000,NEARUSDT,SHORT,15m,1,binance,5.431,5.499,5.363,1.252,100,2026-09-27 07:58,0.26,вверх,вверх,флет (12↑/9↓),863081,1355233,4.11,6.93,новые лонги,1.72,1.26,8.36,0.13,1.84,"шорт: на замерах −0.2% на сделку (5 монет, ~13 000 сделок); шорт против растущего CVD; шорт против тренда 1h"
2026-09-27 08:00,1790496000000,BCHUSDT,SHORT,15m,1,binance,345.17,348.12,342.22,0.855,100,2026-09-27 08:15,0.11,вверх,вверх,флет (10↑/9↓),22517,9265,2.18,3.79,новые лонги,1.04,0.85,4.29,0.24,0.85,"шорт: на замерах −0.2% на сделку (5 монет, ~13 000 сделок); шорт против растущего CVD; шорт против тренда 1h"
2026-09-27 08:00,1790496000000,VIRTUALUSDT,SHORT,15m,1,binance,0.8144,0.8248,0.804,1.277,100,2026-09-27 08:15,0.47,вверх,вверх,флет (10↑/11↓),-575263,21471,0.47,3.84,OI стоит,1.37,0.44,5.23,0.17,1.32,"шорт: на замерах −0.2% на сделку (5 монет, ~13 000 сделок); шорт против растущего CVD; шорт против тренда 1h"
2026-09-27 08:15,1790496900000,AVAXUSDT,SHORT,15m,1,binance,11.103,11.281,10.925,1.603,100,2026-09-27 08:30,0.37,вверх,вверх,флет (10↑/10↓),117911,233225,5.21,3.68,новые лонги,1.68,1.39,4.55,0.09,1.30,"шорт: на замерах −0.2% на сделку (5 монет, ~13 000 сделок); шорт против растущего CVD; шорт против тренда 1h"
2026-09-27 08:15,1790496900000,VVVUSDT,SHORT,15m,1,binance,30.87,31.369,30.371,1.616,100,2026-09-27 08:30,0.32,боковик,вверх,флет (11↑/11↓),14909,15955,1.80,5.17,новые лонги,1.88,1.00,5.81,0.87,1.34,"шорт: на замерах −0.2% на сделку (5 монет, ~13 000 сделок); шорт против растущего CVD"
2026-09-27 08:45,1790498700000,BNBUSDT,SHORT,15m,1,binance,778.8,780.57,777.03,0.227,100,2026-09-27 09:00,0.47,вверх,вверх,флет (11↑/9↓),-3764,-236,0.79,1.00,новые лонги,0.23,1.35,1.34,0.42,0.25,"шорт: на замерах −0.2% на сделку (5 монет, ~13 000 сделок); шорт против тренда 1h"
2026-09-27 08:45,1790498700000,SUIUSDT,SHORT,15m,1,binance,1.2653,1.2873,1.2433,1.739,100,2026-09-27 09:00,0.37,вверх,вверх,выше минимумы (13/19),5931484,5194922,1.75,9.17,новые лонги,2.62,0.54,9.24,0.15,1.61,"шорт: на замерах −0.2% на сделку (5 монет, ~13 000 сделок); шорт против растущего CVD; шорт против тренда 1h"
2026-09-27 09:00,1790499600000,SOLUSDT,SHORT,15m,1,binance,123.78,124.99,122.57,0.978,100,2026-09-27 09:20,0.16,вверх,вверх,флет (12↑/9↓),259662,244887,1.91,2.74,новые лонги,1.36,0.91,3.06,0.05,0.54,"шорт: на замерах −0.2% на сделку (5 монет, ~13 000 сделок); шорт против растущего CVD; шорт против тренда 1h"
2026-09-27 10:00,1790503200000,WLDUSDT,SHORT,15m,1,binance,0.5568,0.5706,0.543,2.478,100,2026-09-27 10:15,0.53,вверх,вверх,флет (10↑/11↓),-2762021,-1592974,10.46,4.39,новые лонги,2.57,1.00,8.47,0.11,2.57,"шорт: на замерах −0.2% на сделку (5 монет, ~13 000 сделок); шорт против тренда 1h"
2026-09-27 10:15,1790504100000,BTCUSDT,SHORT,15m,0,binance,84883.7,85095,84672.4,0.249,100,2026-09-27 10:30,0.37,вверх,вверх,флет (11↑/8↓),1590,493,0.87,0.40,новые лонги,0.43,2.27,1.23,0.04,0.18,"шорт: на замерах −0.2% на сделку (5 монет, ~13 000 сделок); шорт против растущего CVD; шорт против тренда 1h"
2026-09-27 12:45,1790513100000,BNBUSDT,SHORT,15m,0,binance,780.77,783.6,777.94,0.362,100,2026-09-27 13:00,0.26,вверх,вверх,флет (10↑/7↓),-2615,2103,0.52,0.25,новые лонги,0.47,0.72,1.58,0.42,0.29,"шорт: на замерах −0.2% на сделку (5 монет, ~13 000 сделок); шорт против растущего CVD; шорт против тренда 1h"
2026-09-27 13:45,1790516700000,CAKEUSDT,SHORT,15m,1,binance,2.8319,2.859,2.8048,0.957,100,2026-09-27 14:00,0.37,вверх,вверх,выше минимумы (12/19),99804,129910,2.83,2.20,новые лонги,1.05,0.86,3.24,0.08,0.58,"шорт: на замерах −0.2% на сделку (5 монет, ~13 000 сделок); шорт против растущего CVD; шорт против тренда 1h"
2026-09-27 14:45,1790520300000,CAKEUSDT,SHORT,15m,0,binance,2.7944,2.8624,2.7264,2.433,100,2026-09-27 15:00,0.26,вверх,вверх,выше минимумы (12/19),-98475,-145658,-0.83,0.84,сквиз шортов,2.67,1.40,1.95,0.08,0.63,"шорт: на замерах −0.2% на сделку (5 монет, ~13 000 сделок); шорт против тренда 1h"
2026-09-27 15:45,1790523900000,XMRUSDT,LONG,15m,0,binance,542.54,540.39,544.69,0.396,100,2026-09-27 16:00,-0.42,вниз,боковик,флет (9↑/11↓),-4373,-904,-0.22,-2.04,OI стоит,3.95,0.09,0.46,0.14,0.75,лонг против падающего CVD; лонг против тренда 1h
2026-09-27 16:45,1790527500000,GRAMUSDT,SHORT,15m,0,binance,1.676,1.73,1.622,3.222,100,2026-09-27 17:00,0.37,вверх,вверх,выше минимумы (13/19),140372,1117026,4.04,4.16,новые лонги,4.14,1.22,6.44,0.26,2.13,"шорт: на замерах −0.2% на сделку (5 монет, ~13 000 сделок); шорт против растущего CVD; шорт против тренда 1h"
2026-09-27 20:15,1790540100000,POLUSDT,SHORT,15m,1,binance,0.12279,0.12548,0.1201,2.191,100,2026-09-27 21:22,0.32,вверх,вверх,флет (10↑/8↓),-10711009,2045899,1.83,1.92,новые лонги,2.29,0.86,3.38,0.78,0.76,"шорт: на замерах −0.2% на сделку (5 монет, ~13 000 сделок); шорт против растущего CVD; шорт против тренда 1h"
2026-09-28 06:00,1790575200000,CAKEUSDT,LONG,15m,0,binance,2.7134,2.6862,2.7406,1.002,100,2026-09-28 06:18,-0.32,вниз,вверх,флет (10↑/8↓),-176434,-79707,-1.25,-2.92,вынос лонгов,4.71,0.12,1.03,0.32,1.13,лонг против падающего CVD; лонг против тренда 1h
2026-09-28 04:15,1790568900000,COMPUSDT,LONG,15m,1,binance,23.44,23.19,23.69,1.067,100,2026-09-28 06:18,-0.37,вниз,вверх,флет (10↑/11↓),-12416,-7377,1.47,-4.29,новые шорты,4.83,0.22,1.24,0.23,1.38,лонг против падающего CVD; лонг против тренда 1h
2026-09-28 06:30,1790577000000,HYPEUSDT,LONG,15m,0,binance,89.137,88.42,89.854,0.804,100,2026-09-28 06:45,-0.16,вниз,вниз,ниже максимумы (12/19),-305898,-123244,-0.97,-0.94,вынос лонгов,1.84,0.16,1.00,0.87,0.73,лонг против падающего CVD; лонг против тренда 1h
2026-09-28 06:30,1790577000000,CAKEUSDT,LONG,15m,0,binance,2.6971,2.6862,2.708,0.404,100,2026-09-28 06:45,-0.42,вниз,вверх,флет (10↑/11↓),-203214,-74006,-1.39,-2.69,вынос лонгов,5.34,0.12,0.43,0.32,1.16,лонг против падающего CVD; лонг против тренда 1h
2026-09-28 06:45,1790577900000,LITUSDT,LONG,15m,0,binance,4.3764,4.3572,4.3956,0.439,100,2026-09-28 07:00,-0.05,вниз,вниз,ниже максимумы (12/19),-866274,-473405,0.14,-1.72,OI стоит,9.26,0.12,0.63,0.45,1.40,лонг против падающего CVD; лонг против тренда 1h
2026-09-28 06:45,1790577900000,INJUSDT,LONG,15m,0,binance,7.444,7.34,7.548,1.397,100,2026-09-28 07:00,-0.21,вниз,боковик,ниже максимумы (13/19),-362955,-254606,-1.90,-3.92,вынос лонгов,5.40,0.21,1.59,0.48,0.90,лонг против падающего CVD; лонг против тренда 1h
2026-09-28 07:30,1790580600000,ETCUSDT,LONG,15m,0,binance,9.083,9.044,9.122,0.429,100,2026-09-28 07:45,-0.16,вниз,боковик,ниже максимумы (12/19),-424067,-27877,-0.26,-2.61,OI стоит,6.21,0.48,0.44,0.60,0.99,лонг против падающего CVD; лонг против тренда 1h
2026-09-28 07:30,1790580600000,TRUMPUSDT,LONG,15m,0,binance,1.997,1.986,2.008,0.551,100,2026-09-28 07:45,-0.37,вниз,вниз,ниже максимумы (13/19),-2060200,-1332713,-3.11,-2.16,вынос лонгов,8.15,0.30,0.81,2.03,1.27,лонг против падающего CVD; лонг против тренда 1h
2026-09-28 07:45,1790581500000,BCHUSDT,LONG,15m,0,binance,307.14,304,310.28,1.022,100,2026-09-28 08:00,-0.11,вниз,боковик,ниже максимумы (12/19),-50201,-1634,-5.68,-2.82,вынос лонгов,3.80,0.05,1.26,0.08,1.76,лонг против падающего CVD; лонг против тренда 1h
2026-09-28 07:45,1790581500000,UNIUSDT,LONG,15m,1,binance,9.058,9.021,9.095,0.408,100,2026-09-28 08:00,-0.37,вниз,боковик,ниже максимумы (14/19),-1714203,-519146,0.57,-2.69,новые шорты,8.33,0.21,0.72,1.06,1.56,лонг против падающего CVD; лонг против тренда 1h
2026-09-28 07:45,1790581500000,PENDLEUSDT,LONG,15m,0,binance,2.435,2.43,2.44,0.205,100,2026-09-28 08:00,-0.26,вниз,боковик,ниже максимумы (13/19),-648752,-262030,1.12,-2.63,новые шорты,10.55,0.49,0.29,1.28,1.73,лонг против падающего CVD; лонг против тренда 1h
2026-09-28 08:00,1790582400000,AVAXUSDT,LONG,15m,1,binance,10.485,10.338,10.632,1.402,100,2026-09-28 08:15,-0.37,вниз,вверх,ниже максимумы (13/19),-799564,-252555,-0.33,-1.42,OI стоит,5.18,0.23,1.56,0.43,1.24,лонг против падающего CVD; лонг против тренда 1h
2026-09-28 08:00,1790582400000,AAVEUSDT,LONG,15m,1,binance,148.46,146.72,150.2,1.172,100,2026-09-28 08:15,-0.37,вниз,вверх,ниже максимумы (14/19),-31857,-3689,-0.51,-0.99,вынос лонгов,5.62,0.50,1.28,0.84,0.93,лонг против падающего CVD; лонг против тренда 1h
2026-09-28 08:00,1790582400000,ICPUSDT,LONG,15m,1,binance,2.998,2.959,3.037,1.301,100,2026-09-28 08:15,-0.21,вниз,боковик,ниже максимумы (14/19),-227888,1513,-0.61,-1.77,вынос лонгов,6.06,0.21,2.57,0.34,1.00,лонг против тренда 1h
2026-09-28 08:00,1790582400000,ATOMUSDT,LONG,15m,1,binance,1.765,1.746,1.784,1.076,100,2026-09-28 08:15,-0.26,вниз,боковик,флет (8↑/11↓),-732225,-395215,-1.48,-3.08,вынос лонгов,7.39,0.13,1.29,0.13,1.30,лонг против падающего CVD; лонг против тренда 1h
2026-09-28 08:00,1790582400000,CAKEUSDT,LONG,15m,1,binance,2.6721,2.6441,2.7001,1.048,100,2026-09-28 08:15,-0.37,вниз,вверх,флет (8↑/10↓),-327740,-151306,-1.95,-2.85,вынос лонгов,6.33,0.12,1.22,1.98,1.29,лонг против падающего CVD; лонг против тренда 1h
2026-09-28 08:00,1790582400000,MNTUSDT,LONG,15m,0,bybit,0.6517,0.6474,0.656,0.660,100,2026-09-28 08:20,-0.47,вниз,боковик,флет (10↑/12↓),,,,-3.28,нет данных,4.62,0.26,0.68,0.97,0.84,лонг против тренда 1h
2026-09-28 09:30,1790587800000,HBARUSDT,SHORT,15m,1,binance,0.1124,0.11508,0.10972,2.384,100,2026-09-28 09:45,0.26,вверх,вверх,выше минимумы (12/19),-30807422,-14474817,28.19,16.95,новые лонги,,,16.81,1.00,1.92,"шорт: на замерах −0.2% на сделку (5 монет, ~13 000 сделок); шорт против тренда 1h"
2026-09-28 09:45,1790588700000,DASHUSDT,LONG,15m,0,binance,64.36,64.2,64.52,0.249,100,2026-09-28 10:00,-0.16,вниз,вверх,ниже максимумы (14/19),-33547,-505,-1.73,-2.94,вынос лонгов,7.64,0.19,0.29,0.64,1.75,лонг против падающего CVD; лонг против тренда 1h
2026-09-28 10:00,1790589600000,UNIUSDT,LONG,15m,1,binance,8.858,8.754,8.962,1.174,100,2026-09-28 10:15,-0.37,вниз,боковик,ниже максимумы (12/19),-2999195,-1377316,1.27,-4.06,новые шорты,10.78,0.17,1.32,0.22,1.60,лонг против падающего CVD; лонг против тренда 1h
2026-09-28 10:00,1790589600000,FILUSDT,LONG,15m,1,binance,1.0461,1.0364,1.0558,0.927,100,2026-09-28 10:15,-0.26,вниз,вверх,ниже максимумы (12/19),-14183151,-3709249,-3.74,-3.46,вынос лонгов,10.71,0.29,1.42,1.00,1.43,лонг против падающего CVD; лонг против тренда 1h
2026-09-28 10:00,1790589600000,PENDLEUSDT,LONG,15m,1,binance,2.413,2.3912,2.4348,0.903,100,2026-09-28 10:15,-0.16,вниз,вниз,ниже максимумы (13/19),-876924,-193262,-0.83,-2.65,вынос лонгов,11.56,0.49,1.06,0.57,1.71,лонг против падающего CVD; лонг против тренда 1h
2026-09-28 13:00,1790600400000,LINKUSDT,SHORT,15m,1,binance,14.537,15.02,14.054,3.323,100,2026-09-28 13:15,0.32,вверх,вверх,ниже максимумы (13/19),-125372,362531,4.92,6.47,новые лонги,3.84,1.00,7.04,0.20,1.29,"шорт: на замерах −0.2% на сделку (5 монет, ~13 000 сделок); шорт против растущего CVD; шорт против тренда 1h"
2026-09-28 14:45,1790606700000,DOTUSDT,LONG,15m,0,binance,1.1625,1.1526,1.1724,0.852,100,2026-09-28 15:00,-0.11,вниз,боковик,ниже максимумы (13/19),-6938079,-1746449,0.88,-2.67,новые шорты,5.77,0.54,1.61,0.95,1.35,лонг против падающего CVD; лонг против тренда 1h
2026-09-28 14:45,1790606700000,ICPUSDT,LONG,15m,0,binance,2.928,2.898,2.958,1.025,100,2026-09-28 15:00,-0.26,вниз,вниз,ниже максимумы (14/19),-351781,-170613,-0.53,-1.78,вынос лонгов,3.83,0.26,1.74,0.09,1.10,лонг против падающего CVD; лонг против тренда 1h
2026-09-28 14:45,1790606700000,PENDLEUSDT,LONG,15m,0,binance,2.3645,2.3361,2.3929,1.201,100,2026-09-28 15:00,-0.53,вниз,вниз,ниже максимумы (16/19),-1375222,-359593,2.42,-2.33,новые шорты,3.56,1.00,1.31,0.42,1.69,лонг против падающего CVD; лонг против тренда 1h
2026-09-28 15:00,1790607600000,HYPEUSDT,LONG,15m,1,binance,87.429,86.706,88.152,0.827,100,2026-09-28 15:15,-0.16,вниз,вниз,ниже максимумы (10/19),-270662,-105600,5.49,-2.70,новые шорты,3.83,0.16,1.43,0.22,0.94,лонг против падающего CVD; лонг против тренда 1h
2026-09-28 15:00,1790607600000,FILUSDT,LONG,15m,0,binance,1.0275,1.0153,1.0397,1.187,100,2026-09-28 15:15,-0.16,вниз,боковик,ниже максимумы (12/19),-19451959,-4261113,-3.24,-2.04,вынос лонгов,4.62,0.14,1.24,0.06,1.56,лонг против падающего CVD; лонг против тренда 1h
2026-09-28 15:15,1790608500000,SUIUSDT,LONG,15m,0,binance,1.1453,1.1325,1.1581,1.118,100,2026-09-28 15:30,-0.32,вниз,вверх,ниже максимумы (15/19),-25208651,-8540902,-1.64,-2.75,вынос лонгов,5.68,0.72,1.56,0.21,1.79,лонг против падающего CVD; лонг против тренда 1h
2026-09-28 15:15,1790608500000,UNIUSDT,LONG,15m,0,binance,8.797,8.636,8.958,1.830,100,2026-09-28 15:30,-0.05,вниз,вниз,ниже максимумы (16/19),-3761185,-1163632,-1.88,-1.71,вынос лонгов,3.87,0.58,1.98,1.43,1.73,лонг против падающего CVD; лонг против тренда 1h
2026-09-28 15:15,1790608500000,TAOUSDT,LONG,15m,0,binance,299.18,294.28,304.08,1.638,100,2026-09-28 15:30,-0.11,вниз,боковик,ниже максимумы (16/19),-57419,-18197,-4.75,-1.78,вынос лонгов,3.96,0.49,1.84,1.23,1.75,лонг против падающего CVD; лонг против тренда 1h
2026-09-28 15:15,1790608500000,AAVEUSDT,LONG,15m,0,binance,145.55,143.9,147.2,1.134,100,2026-09-28 15:30,-0.05,вниз,боковик,ниже максимумы (14/19),-41206,-14512,-1.94,-1.60,вынос лонгов,4.22,0.27,1.44,1.00,1.14,лонг против падающего CVD; лонг против тренда 1h
2026-09-28 15:15,1790608500000,WLDUSDT,LONG,15m,1,binance,0.4853,0.4757,0.4949,1.978,100,2026-09-28 15:30,-0.26,вниз,вверх,ниже максимумы (14/19),-53470426,-34821164,-5.21,-4.94,вынос лонгов,7.82,0.20,2.43,1.20,2.04,лонг против падающего CVD; лонг против тренда 1h
2026-09-28 15:15,1790608500000,ATOMUSDT,LONG,15m,0,binance,1.699,1.679,1.719,1.177,100,2026-09-28 15:30,-0.26,вниз,вниз,ниже максимумы (12/19),-1530697,-342902,2.15,-3.08,новые шорты,5.65,0.18,1.67,0.55,1.38,лонг против падающего CVD; лонг против тренда 1h
2026-09-28 15:15,1790608500000,VVVUSDT,LONG,15m,0,binance,27.118,26.58,27.656,1.984,100,2026-09-28 15:30,-0.26,вниз,вниз,флет (10↑/11↓),-76014,-45097,6.77,-3.73,новые шорты,6.43,0.70,2.48,0.07,1.58,лонг против падающего CVD; лонг против тренда 1h
2026-09-28 15:15,1790608500000,DASHUSDT,LONG,15m,0,binance,63.95,62.88,65.02,1.673,100,2026-09-28 15:30,-0.11,вниз,вверх,ниже максимумы (13/19),-47520,-47612,-4.88,-0.76,вынос лонгов,4.26,0.20,1.69,0.19,1.51,лонг против падающего CVD; лонг против тренда 1h
2026-09-28 15:15,1790608500000,TRUMPUSDT,LONG,15m,0,binance,1.967,1.942,1.992,1.271,100,2026-09-28 15:30,-0.21,вниз,вниз,ниже максимумы (13/19),-4449400,-1756426,-1.71,-1.50,вынос лонгов,4.64,0.58,1.34,2.55,1.43,лонг против падающего CVD; лонг против тренда 1h
2026-09-28 15:45,1790610300000,CAKEUSDT,LONG,15m,1,binance,2.6075,2.5837,2.6313,0.913,100,2026-09-28 16:00,0.05,вниз,боковик,ниже максимумы (14/19),-707673,-173649,-1.49,-1.20,вынос лонгов,2.76,0.25,1.27,1.00,1.28,лонг против падающего CVD; лонг против тренда 1h
2026-09-28 17:30,1790616600000,LINKUSDT,SHORT,15m,1,binance,15.216,15.483,14.949,1.755,100,2026-09-28 17:45,0.16,вверх,вверх,ниже максимумы (12/19),132,196779,1.29,3.03,новые лонги,1.89,0.25,8.07,0.17,1.71,"шорт: на замерах −0.2% на сделку (5 монет, ~13 000 сделок); шорт против растущего CVD; шорт против тренда 1h"
2026-09-28 18:45,1790621100000,CRVUSDT,SHORT,15m,0,binance,0.3641,0.3685,0.3597,1.208,100,2026-09-28 19:00,0.32,вверх,боковик,флет (9↑/12↓),-10563212,-2315546,2.18,12.20,новые лонги,1.74,1.10,12.27,1.95,2.29,"шорт: на замерах −0.2% на сделку (5 монет, ~13 000 сделок); шорт против тренда 1h"
2026-09-29 03:15,1790651700000,ZECUSDT,LONG,15m,1,binance,1381.17,1366.43,1395.91,1.067,100,2026-09-29 05:28,-0.05,вниз,вниз,флет (9↑/12↓),-60515,-8106,2.05,-7.12,новые шорты,8.25,0.45,1.19,1.00,2.17,лонг против падающего CVD; лонг против тренда 1h
2026-09-29 04:30,1790656200000,ICPUSDT,SHORT,15m,1,binance,3.213,3.28,3.146,2.085,100,2026-09-29 05:29,0.21,вверх,вверх,выше минимумы (13/19),23478,230513,3.40,2.49,новые лонги,2.13,0.11,5.55,0.95,1.67,"шорт: на замерах −0.2% на сделку (5 монет, ~13 000 сделок); шорт против растущего CVD; шорт против тренда 1h"
2026-09-29 06:15,1790662500000,ICPUSDT,SHORT,15m,0,binance,3.289,3.339,3.239,1.520,100,2026-09-29 06:30,0.53,вверх,вверх,выше минимумы (11/19),39193,-43890,5.04,7.34,новые лонги,1.74,0.42,7.73,0.81,1.98,"шорт: на замерах −0.2% на сделку (5 монет, ~13 000 сделок); шорт против тренда 1h"
2026-09-29 06:45,1790664300000,ICPUSDT,SHORT,15m,1,binance,3.307,3.353,3.261,1.391,100,2026-09-29 07:00,0.42,вверх,вверх,выше минимумы (13/19),-66290,-132493,5.85,7.06,новые лонги,1.53,0.60,8.23,0.81,2.02,"шорт: на замерах −0.2% на сделку (5 монет, ~13 000 сделок); шорт против тренда 1h"
2026-09-29 07:45,1790667900000,ICPUSDT,SHORT,15m,1,binance,3.354,3.402,3.306,1.431,100,2026-09-29 08:00,0.53,вверх,вверх,выше минимумы (13/19),-34198,-139725,5.08,3.81,новые лонги,1.47,1.38,9.52,0.81,2.14,"шорт: на замерах −0.2% на сделку (5 монет, ~13 000 сделок); шорт против тренда 1h"
2026-09-29 08:30,1790670600000,AVAXUSDT,SHORT,15m,1,binance,11.291,11.563,11.019,2.409,100,2026-09-29 08:45,0.47,вверх,вверх,флет (12↑/9↓),-332514,-114206,4.48,8.38,новые лонги,2.92,1.63,8.98,0.08,2.09,"шорт: на замерах −0.2% на сделку (5 монет, ~13 000 сделок); шорт против тренда 1h"
2026-09-29 08:30,1790670600000,UNIUSDT,SHORT,15m,1,binance,8.991,9.292,8.69,3.348,100,2026-09-29 08:45,0.53,вниз,вниз,флет (12↑/11↓),-238007,473176,3.06,5.07,новые лонги,3.90,0.36,6.49,0.72,1.81,"шорт: на замерах −0.2% на сделку (5 монет, ~13 000 сделок); шорт против растущего CVD"
2026-09-29 09:45,1790675100000,AAVEUSDT,SHORT,15m,1,binance,165.72,168.65,162.79,1.768,100,2026-09-29 10:00,0.63,вверх,вверх,выше минимумы (13/19),33695,2505,12.06,7.55,новые лонги,2.26,0.41,12.36,0.23,2.40,"шорт: на замерах −0.2% на сделку (5 монет, ~13 000 сделок); шорт против растущего CVD; шорт против тренда 1h"
2026-09-29 10:00,1790676000000,COMPUSDT,SHORT,15m,1,binance,24.96,25.37,24.55,1.643,100,2026-09-29 10:15,0.42,вверх,вверх,выше минимумы (14/19),-2543,-4052,5.36,4.17,новые лонги,1.72,0.34,8.21,0.07,1.60,"шорт: на замерах −0.2% на сделку (5 монет, ~13 000 сделок); шорт против тренда 1h"
2026-09-29 10:30,1790677800000,AVAXUSDT,SHORT,15m,0,binance,11.516,11.677,11.355,1.398,100,2026-09-29 10:45,0.58,вверх,вверх,выше минимумы (14/19),-285323,47191,5.46,5.99,новые лонги,1.91,1.54,10.76,0.08,2.33,"шорт: на замерах −0.2% на сделку (5 монет, ~13 000 сделок); шорт против растущего CVD; шорт против тренда 1h"
2026-09-29 11:00,1790679600000,AAVEUSDT,SHORT,15m,0,binance,166.98,169,164.96,1.210,100,2026-09-29 11:15,0.47,вверх,вверх,выше минимумы (14/19),30451,-11781,8.10,6.17,новые лонги,1.51,1.14,13.03,0.23,2.47,"шорт: на замерах −0.2% на сделку (5 монет, ~13 000 сделок); шорт против тренда 1h"
2026-09-29 11:15,1790680500000,COMPUSDT,SHORT,15m,1,binance,25.16,25.43,24.89,1.073,100,2026-09-29 11:30,0.21,вверх,вверх,выше минимумы (13/19),-2161,-3212,2.05,2.78,новые лонги,1.34,0.25,8.94,0.07,1.63,"шорт: на замерах −0.2% на сделку (5 монет, ~13 000 сделок); шорт против тренда 1h"
2026-09-29 12:30,1790685000000,AVAXUSDT,SHORT,15m,1,binance,11.75,12.007,11.493,2.187,100,2026-09-29 12:45,0.21,вверх,вверх,выше минимумы (14/19),32134,317457,4.65,4.07,новые лонги,2.26,0.11,12.53,0.08,2.46,"шорт: на замерах −0.2% на сделку (5 монет, ~13 000 сделок); шорт против растущего CVD; шорт против тренда 1h"
2026-09-29 12:45,1790685900000,POLUSDT,SHORT,15m,0,binance,0.12399,0.125,0.12298,0.815,100,2026-09-29 13:00,0.42,вверх,вверх,флет (10↑/9↓),-2372385,-951432,5.29,7.06,новые лонги,0.84,0.07,7.88,0.04,1.60,"шорт: на замерах −0.2% на сделку (5 монет, ~13 000 сделок); шорт против тренда 1h"
2026-09-29 13:30,1790688600000,AAVEUSDT,SHORT,15m,1,binance,173.1,175.67,170.53,1.485,100,2026-09-29 13:45,0.11,вверх,вверх,выше минимумы (13/19),55730,-3465,2.37,3.71,новые лонги,6.69,0.84,16.10,0.23,2.77,"шорт: на замерах −0.2% на сделку (5 монет, ~13 000 сделок); шорт против тренда 1h"
2026-09-29 14:00,1790690400000,TRUMPUSDT,SHORT,15m,1,binance,2.07,2.094,2.046,1.159,100,2026-09-29 14:15,0.32,вверх,боковик,выше минимумы (12/19),-786561,445174,2.55,2.02,новые лонги,1.40,1.14,7.10,1.45,1.57,"шорт: на замерах −0.2% на сделку (5 монет, ~13 000 сделок); шорт против растущего CVD; шорт против тренда 1h"
2026-09-29 14:30,1790692200000,ICPUSDT,SHORT,15m,0,binance,3.43,3.472,3.388,1.224,100,2026-09-29 14:45,0.26,вверх,вверх,выше минимумы (13/19),-260067,-63672,1.47,4.35,новые лонги,1.30,0.46,4.88,0.31,2.19,"шорт: на замерах −0.2% на сделку (5 монет, ~13 000 сделок); шорт против тренда 1h"
2026-09-29 15:00,1790694000000,FILUSDT,SHORT,15m,0,binance,1.0944,1.115,1.0738,1.882,100,2026-09-29 15:15,0.11,вверх,вверх,выше минимумы (13/19),-3415761,1395855,2.53,1.33,новые лонги,2.24,0.23,2.95,0.16,1.68,"шорт: на замерах −0.2% на сделку (5 монет, ~13 000 сделок); шорт против растущего CVD; шорт против тренда 1h"
2026-09-29 15:00,1790694000000,ETHFIUSDT,SHORT,15m,1,binance,0.7919,0.8211,0.7627,3.687,100,2026-09-29 15:15,0.37,вверх,вверх,выше минимумы (13/19),1384434,763262,4.74,5.04,новые лонги,4.08,0.67,5.81,0.39,2.54,"шорт: на замерах −0.2% на сделку (5 монет, ~13 000 сделок); шорт против растущего CVD; шорт против тренда 1h"
2026-09-29 17:45,1790703900000,HBARUSDT,LONG,15m,0,binance,0.10371,0.10306,0.10436,0.627,100,2026-09-29 18:00,-0.42,вниз,вверх,ниже максимумы (14/19),-88153985,-72305426,2.86,-8.32,новые шорты,16.04,0.20,0.77,1.00,2.82,лонг против падающего CVD; лонг против тренда 1h
2026-09-29 20:30,1790713800000,ICPUSDT,SHORT,15m,0,binance,3.482,3.553,3.411,2.039,100,2026-09-29 20:45,0.11,вверх,вверх,выше минимумы (12/19),-456714,120619,2.92,3.69,новые лонги,2.20,0.33,5.50,0.51,2.17,"шорт: на замерах −0.2% на сделку (5 монет, ~13 000 сделок); шорт против растущего CVD; шорт против тренда 1h"
2026-09-30 00:30,1790728200000,LITUSDT,LONG,15m,1,binance,3.9392,3.6137,4.2647,8.263,100,2026-09-30 00:45,-0.16,вниз,вниз,выше минимумы (12/19),101495,101495,1.70,-12.78,новые шорты,17.33,0.03,8.72,1.00,1.86,лонг против тренда 1h
2026-09-30 01:45,1790732700000,COMPUSDT,SHORT,15m,1,binance,25.58,27.01,24.15,5.590,100,2026-09-30 02:00,0.05,вверх,вверх,флет (11↑/8↓),3536,3536,8.57,3.23,новые лонги,6.89,0.67,4.62,0.57,1.79,"шорт: на замерах −0.2% на сделку (5 монет, ~13 000 сделок); шорт против растущего CVD; шорт против тренда 1h"
2026-09-30 12:00,1790769600000,WLDUSDT,SHORT,15m,0,binance,0.5374,0.5447,0.5301,1.358,100,2026-09-30 12:15,0.26,вверх,вверх,флет (11↑/10↓),-2948141,-1750294,8.03,7.12,новые лонги,2.14,0.16,5.83,0.17,1.60,"шорт: на замерах −0.2% на сделку (5 монет, ~13 000 сделок); шорт против тренда 1h"
2026-09-30 13:00,1790773200000,CAKEUSDT,SHORT,15m,1,binance,2.6604,2.6742,2.6466,0.519,100,2026-09-30 13:15,0.53,вверх,боковик,выше минимумы (13/19),156481,-2003,-0.47,2.87,OI стоит,0.72,0.25,4.33,0.49,1.00,"шорт: на замерах −0.2% на сделку (5 монет, ~13 000 сделок); шорт против тренда 1h"
2026-09-30 13:15,1790774100000,ETHUSDT,SHORT,15m,1,binance,2721.69,2738,2705.38,0.599,100,2026-09-30 13:30,0.47,вверх,вверх,флет (10↑/10↓),13638,57705,0.98,1.37,новые лонги,0.65,1.23,2.51,2.21,0.65,"шорт: на замерах −0.2% на сделку (5 монет, ~13 000 сделок); шорт против растущего CVD; шорт против тренда 1h"
2026-09-30 13:15,1790774100000,BNBUSDT,SHORT,15m,1,binance,775.33,780,770.66,0.602,100,2026-09-30 13:30,0.53,вверх,боковик,выше минимумы (11/19),10677,4654,0.32,1.49,OI стоит,0.77,0.63,2.61,0.44,0.58,"шорт: на замерах −0.2% на сделку (5 монет, ~13 000 сделок); шорт против растущего CVD; шорт против тренда 1h"
2026-09-30 13:15,1790774100000,PENDLEUSDT,SHORT,15m,1,binance,2.3924,2.426,2.3588,1.404,100,2026-09-30 13:30,0.26,боковик,вниз,флет (9↑/11↓),-139317,-153932,0.18,2.52,OI стоит,1.46,0.44,3.84,0.51,0.88,"шорт: на замерах −0.2% на сделку (5 монет, ~13 000 сделок)"
2026-09-30 13:30,1790775000000,BTCUSDT,SHORT,15m,1,binance,84472.5,85632.7,83312.3,1.373,100,2026-09-30 13:45,0.47,вверх,вверх,флет (9↑/7↓),484,1703,1.08,1.13,новые лонги,1.49,0.66,1.88,0.28,0.50,"шорт: на замерах −0.2% на сделку (5 монет, ~13 000 сделок); шорт против растущего CVD; шорт против тренда 1h"
2026-09-30 13:30,1790775000000,SOLUSDT,SHORT,15m,1,binance,121.03,122.8,119.26,1.462,100,2026-09-30 13:45,0.42,вверх,вверх,флет (11↑/8↓),140601,164972,1.18,1.58,новые лонги,1.83,1.30,3.16,1.13,0.83,"шорт: на замерах −0.2% на сделку (5 монет, ~13 000 сделок); шорт против растущего CVD; шорт против тренда 1h"
2026-09-30 13:30,1790775000000,ZECUSDT,SHORT,15m,1,binance,1459.26,1494.19,1424.33,2.394,100,2026-09-30 13:45,0.47,боковик,вниз,выше минимумы (12/19),29290,22209,0.64,3.82,новые лонги,2.45,0.21,5.21,0.12,1.44,"шорт: на замерах −0.2% на сделку (5 монет, ~13 000 сделок); шорт против растущего CVD"
2026-09-30 13:30,1790775000000,BCHUSDT,SHORT,15m,1,binance,309.64,318.6,300.68,2.894,100,2026-09-30 13:45,0.47,вниз,вниз,выше минимумы (10/19),-9325,-4639,0.90,0.07,новые лонги,2.96,0.21,0.75,0.06,0.65,"шорт: на замерах −0.2% на сделку (5 монет, ~13 000 сделок)"
2026-09-30 13:30,1790775000000,SUIUSDT,SHORT,15m,0,binance,1.1805,1.2119,1.1491,2.660,100,2026-09-30 13:45,0.05,вверх,вверх,флет (9↑/8↓),-3238452,-3502028,-0.25,1.30,OI стоит,2.81,0.81,3.84,0.27,1.04,"шорт: на замерах −0.2% на сделку (5 монет, ~13 000 сделок); шорт против тренда 1h"
2026-09-30 13:30,1790775000000,WLDUSDT,SHORT,15m,1,binance,0.5585,0.5712,0.5458,2.274,100,2026-09-30 13:45,0.16,вверх,вверх,флет (12↑/9↓),-8205484,-5671814,7.22,8.07,новые лонги,2.38,0.72,9.39,0.17,1.97,"шорт: на замерах −0.2% на сделку (5 монет, ~13 000 сделок); шорт против тренда 1h"
2026-09-30 14:45,1790779500000,AVAXUSDT,LONG,15m,0,binance,10.88,10.786,10.974,0.864,100,2026-09-30 15:00,-0.21,боковик,вверх,ниже максимумы (14/19),-1353552,-746065,-2.08,-2.67,вынос лонгов,4.81,0.59,1.41,0.76,1.45,лонг против падающего CVD
2026-09-30 17:30,1790789400000,HYPEUSDT,SHORT,15m,1,binance,88.957,91.536,86.378,2.899,100,2026-09-30 17:45,0.32,вверх,вниз,флет (9↑/6↓),-640341,-402044,-9.81,2.94,сквиз шортов,3.06,0.07,5.12,1.04,0.91,"шорт: на замерах −0.2% на сделку (5 монет, ~13 000 сделок); шорт против тренда 1h"
2026-10-01 04:30,1790829000000,AAVEUSDT,SHORT,15m,1,binance,166.29,168.4,164.18,1.269,100,2026-10-01 06:00,0.11,вверх,вверх,флет (12↑/9↓),24940,9649,0.78,4.19,новые лонги,1.42,1.20,5.24,0.07,1.21,"шорт: на замерах −0.2% на сделку (5 монет, ~13 000 сделок); шорт против растущего CVD; шорт против тренда 1h"
2026-10-01 06:45,1790837100000,PENDLEUSDT,SHORT,15m,1,binance,2.4795,2.4939,2.4651,0.581,100,2026-10-01 07:00,0.47,вверх,боковик,выше минимумы (12/19),48319,-23443,0.22,2.69,OI стоит,1.27,1.74,6.54,0.88,1.19,"шорт: на замерах −0.2% на сделку (5 монет, ~13 000 сделок); шорт против тренда 1h"
2026-10-01 11:00,1790852400000,TRXUSDT,LONG,15m,0,binance,0.33276,0.33144,0.33408,0.397,100,2026-10-01 11:15,-0.26,вниз,вниз,ниже максимумы (12/19),-11645961,-9660275,5.62,-1.35,новые шорты,1.95,0.45,0.75,0.05,0.29,лонг против падающего CVD; лонг против тренда 1h
2026-10-01 13:30,1790861400000,NEARUSDT,LONG,15m,1,binance,4.952,4.739,5.165,4.301,100,2026-10-01 13:45,-0.26,вниз,вверх,ниже максимумы (13/19),-5732188,-3373791,0.80,-5.02,новые шорты,11.78,0.79,4.38,1.12,2.26,лонг против падающего CVD; лонг против тренда 1h
2026-10-01 15:00,1790866800000,NEARUSDT,LONG,15m,1,binance,4.894,4.739,5.049,3.167,100,2026-10-01 15:15,-0.21,вниз,боковик,ниже максимумы (13/19),-7475648,-1134836,1.13,-4.45,новые шорты,13.11,0.15,3.24,0.22,2.26,лонг против падающего CVD; лонг против тренда 1h
2026-10-01 15:00,1790866800000,WLDUSDT,LONG,15m,1,binance,0.5001,0.4891,0.5111,2.200,100,2026-10-01 15:15,-0.32,вниз,вверх,ниже максимумы (13/19),-21244537,-17515639,-4.86,-3.19,вынос лонгов,9.34,0.34,3.04,0.11,1.40,лонг против падающего CVD; лонг против тренда 1h
2026-10-01 15:45,1790869500000,COMPUSDT,LONG,15m,1,binance,23.67,23.53,23.81,0.591,100,2026-10-01 16:00,-0.16,вниз,боковик,ниже максимумы (14/19),-15136,-3299,1.06,-2.71,новые шорты,5.34,0.10,0.81,0.12,1.00,лонг против падающего CVD; лонг против тренда 1h
2026-10-01 17:00,1790874000000,ZECUSDT,LONG,15m,0,binance,1350.72,1332,1369.44,1.386,100,2026-10-01 17:15,-0.26,вниз,вниз,флет (11↑/11↓),-62428,-25385,2.58,-2.42,новые шорты,5.17,0.13,1.63,0.73,1.27,лонг против падающего CVD; лонг против тренда 1h
2026-10-01 19:30,1790883000000,ZECUSDT,LONG,15m,0,binance,1324.24,1305.05,1343.43,1.449,100,2026-10-01 19:45,-0.21,вниз,вниз,флет (11↑/13↓),-95278,-29359,2.38,-3.50,новые шорты,7.27,0.11,1.45,0.20,1.40,лонг против падающего CVD; лонг против тренда 1h
2026-10-02 05:15,1790918100000,BTCUSDT,SHORT,15m,1,binance,86319.7,86888,85751.4,0.658,100,2026-10-02 06:21,0.26,вверх,вверх,выше минимумы (13/19),6001,4694,2.75,2.05,новые лонги,0.67,1.22,2.56,0.22,0.56,"шорт: на замерах −0.2% на сделку (5 монет, ~13 000 сделок); шорт против растущего CVD; шорт против тренда 1h"
2026-10-02 05:00,1790917200000,BNBUSDT,SHORT,15m,1,binance,780.65,783.76,777.54,0.398,100,2026-10-02 06:21,0.32,вверх,боковик,выше минимумы (13/19),3571,3650,0.48,1.30,OI стоит,0.40,2.81,2.03,1.25,0.39,"шорт: на замерах −0.2% на сделку (5 монет, ~13 000 сделок); шорт против растущего CVD; шорт против тренда 1h"
2026-10-02 05:30,1790919000000,SOLUSDT,SHORT,15m,1,binance,122.13,123.77,120.49,1.343,100,2026-10-02 06:21,0.32,вверх,вверх,выше минимумы (13/19),239167,123654,7.15,2.98,новые лонги,1.59,0.45,4.26,0.11,0.82,"шорт: на замерах −0.2% на сделку (5 монет, ~13 000 сделок); шорт против растущего CVD; шорт против тренда 1h"
2026-10-02 06:00,1790920800000,LTCUSDT,SHORT,15m,0,binance,69.97,70.42,69.52,0.643,100,2026-10-02 06:21,0.21,вверх,вверх,выше минимумы (13/19),34710,2897,-0.11,1.54,OI стоит,0.91,0.95,4.98,0.57,0.64,"шорт: на замерах −0.2% на сделку (5 монет, ~13 000 сделок); шорт против растущего CVD; шорт против тренда 1h"
2026-10-02 05:15,1790918100000,AAVEUSDT,SHORT,15m,1,binance,182.56,187.4,177.72,2.651,100,2026-10-02 06:21,0.21,вверх,вверх,выше минимумы (14/19),-1425,-8912,-0.35,4.18,OI стоит,2.82,0.79,10.51,0.41,1.60,"шорт: на замерах −0.2% на сделку (5 монет, ~13 000 сделок); шорт против тренда 1h"
2026-10-02 05:30,1790919000000,APTUSDT,SHORT,15m,1,binance,0.8214,0.8433,0.7995,2.666,100,2026-10-02 06:21,0.05,вверх,боковик,выше минимумы (13/19),-1277076,-620176,3.03,5.38,новые лонги,3.18,1.04,3.88,0.18,1.18,"шорт: на замерах −0.2% на сделку (5 монет, ~13 000 сделок); шорт против тренда 1h"
2026-10-02 06:30,1790922600000,VVVUSDT,SHORT,15m,0,binance,28.434,28.656,28.212,0.781,100,2026-10-02 06:45,0.47,вверх,вниз,флет (10↑/9↓),1909,4817,0.71,7.88,новые лонги,0.83,0.22,8.30,0.08,1.86,"шорт: на замерах −0.2% на сделку (5 монет, ~13 000 сделок); шорт против растущего CVD; шорт против тренда 1h"
2026-10-02 08:45,1790930700000,ETHUSDT,SHORT,15m,0,binance,2752.64,2779,2726.28,0.958,100,2026-10-02 09:00,0.05,вверх,вверх,выше минимумы (12/19),141059,62339,1.07,0.39,новые лонги,0.96,1.00,2.02,0.72,0.52,"шорт: на замерах −0.2% на сделку (5 монет, ~13 000 сделок); шорт против растущего CVD; шорт против тренда 1h"
2026-10-02 09:15,1790932500000,VVVUSDT,SHORT,15m,1,binance,29.256,30,28.512,2.543,100,2026-10-02 09:30,0.37,вверх,боковик,выше минимумы (13/19),42141,42147,2.24,4.53,новые лонги,2.75,0.10,10.88,0.08,2.12,"шорт: на замерах −0.2% на сделку (5 монет, ~13 000 сделок); шорт против растущего CVD; шорт против тренда 1h"
2026-10-02 11:15,1790939700000,VVVUSDT,SHORT,15m,1,binance,30.063,30.342,29.784,0.928,100,2026-10-02 11:30,0.16,вверх,боковик,выше минимумы (14/19),47501,5360,1.82,6.17,новые лонги,1.22,0.40,13.27,0.08,2.46,"шорт: на замерах −0.2% на сделку (5 монет, ~13 000 сделок); шорт против растущего CVD; шорт против тренда 1h"
2026-10-02 13:00,1790946000000,TRUMPUSDT,SHORT,15m,1,binance,2.177,2.214,2.14,1.700,100,2026-10-02 13:15,0.42,вверх,вверх,выше минимумы (13/19),495449,-8903,2.46,3.18,новые лонги,3.26,0.09,6.67,0.05,0.98,"шорт: на замерах −0.2% на сделку (5 монет, ~13 000 сделок); шорт против тренда 1h"
2026-10-02 14:00,1790949600000,WLDUSDT,SHORT,15m,1,binance,0.5723,0.589,0.5556,2.918,100,2026-10-02 14:15,0.16,вверх,вверх,выше минимумы (14/19),-3290787,6021117,6.86,6.02,новые лонги,3.30,0.95,16.36,0.26,2.25,"шорт: на замерах −0.2% на сделку (5 монет, ~13 000 сделок); шорт против растущего CVD; шорт против тренда 1h"
2026-10-02 15:00,1790953200000,LITUSDT,LONG,15m,0,binance,3.6768,3.621,3.7326,1.518,100,2026-10-02 15:15,-0.37,вниз,вниз,флет (9↑/12↓),-1709953,-882918,0.97,-3.30,новые шорты,6.53,0.14,1.52,0.17,1.41,лонг против падающего CVD; лонг против тренда 1h
2026-10-02 19:00,1790967600000,BNBUSDT,LONG,15m,1,binance,764.5,760.72,768.28,0.494,100,2026-10-02 19:15,-0.37,боковик,боковик,флет (12↑/9↓),-4274,-2718,-0.15,-1.48,OI стоит,2.77,0.90,0.64,0.83,0.44,лонг против падающего CVD
2026-10-02 19:00,1790967600000,PENGUUSDT,LONG,15m,0,binance,0.008768,0.008635,0.008901,1.517,100,2026-10-02 19:15,-0.32,вниз,вниз,флет (7↑/8↓),-1019930033,-313434302,-9.53,-9.50,вынос лонгов,14.75,1.37,1.70,0.29,1.87,лонг против падающего CVD; лонг против тренда 1h
2026-10-02 19:15,1790968500000,XRPUSDT,LONG,15m,1,binance,1.4672,1.4425,1.4919,1.683,100,2026-10-02 19:30,-0.32,вниз,вниз,флет (8↑/10↓),-26414126,-20225865,-4.67,-2.92,вынос лонгов,6.02,0.44,1.84,0.06,0.97,лонг против падающего CVD; лонг против тренда 1h
2026-10-02 19:15,1790968500000,ZECUSDT,LONG,15m,1,binance,1299.51,1270,1329.02,2.271,100,2026-10-02 19:30,-0.21,вниз,вниз,ниже максимумы (11/19),-61122,-52564,-3.23,-4.81,вынос лонгов,8.82,0.33,2.50,0.67,1.43,лонг против падающего CVD; лонг против тренда 1h
2026-10-02 19:15,1790968500000,BCHUSDT,LONG,15m,1,binance,302.95,295.57,310.33,2.436,100,2026-10-02 19:30,-0.11,вниз,вниз,флет (9↑/9↓),-17247,-4625,-1.05,-3.02,вынос лонгов,5.31,0.90,2.59,0.40,0.92,лонг против падающего CVD; лонг против тренда 1h
2026-10-02 19:15,1790968500000,SUIUSDT,LONG,15m,1,binance,1.1211,1.1033,1.1389,1.588,100,2026-10-02 19:30,-0.16,вниз,боковик,ниже максимумы (11/19),-10279983,-7667070,3.14,-4.18,новые шорты,8.73,1.74,1.66,0.41,1.24,лонг против падающего CVD; лонг против тренда 1h
2026-10-02 19:15,1790968500000,UNIUSDT,LONG,15m,1,binance,8.686,8.569,8.803,1.347,100,2026-10-02 19:30,-0.16,вниз,вниз,флет (7↑/9↓),-3141277,-886795,-1.53,-3.63,вынос лонгов,5.30,0.18,1.46,0.56,1.02,лонг против падающего CVD; лонг против тренда 1h
2026-10-02 19:15,1790968500000,ASTERUSDT,LONG,15m,1,binance,0.7101,0.7013,0.7189,1.239,100,2026-10-02 19:30,-0.37,вниз,боковик,флет (7↑/9↓),-10567550,-4151970,0.31,-3.82,OI стоит,6.42,0.14,1.73,1.04,0.86,лонг против падающего CVD; лонг против тренда 1h
2026-10-02 19:15,1790968500000,MNTUSDT,LONG,15m,0,bybit,0.6526,0.6501,0.6551,0.383,100,2026-10-02 19:30,-0.58,вниз,вниз,флет (8↑/10↓),,,,-3.30,нет данных,5.03,0.95,0.41,0.73,0.75,лонг против тренда 1h
2026-10-02 19:15,1790968500000,ETHFIUSDT,LONG,15m,1,binance,0.6837,0.6717,0.6957,1.755,100,2026-10-02 19:30,-0.47,вниз,вниз,флет (8↑/8↓),-3353915,-1557137,-2.59,-8.30,вынос лонгов,13.70,0.38,2.25,1.00,1.63,лонг против падающего CVD; лонг против тренда 1h
2026-10-02 19:15,1790968500000,XPLUSDT,LONG,15m,0,binance,0.09006,0.08907,0.09105,1.099,100,2026-10-02 19:30,-0.53,вниз,вниз,флет (9↑/9↓),-36163207,-36886859,-6.40,-9.90,вынос лонгов,15.02,0.87,1.79,0.12,1.87,лонг против падающего CVD; лонг против тренда 1h
2026-10-02 19:15,1790968500000,DOGEUSDT,LONG,15m,0,binance,0.09116,0.09014,0.09218,1.119,100,2026-10-02 19:35,-0.26,вниз,вниз,ниже максимумы (12/19),-349271225,-211725311,-1.59,-4.12,вынос лонгов,7.54,0.86,1.30,0.42,1.09,лонг против падающего CVD; лонг против тренда 1h
2026-10-02 19:15,1790968500000,ADAUSDT,LONG,15m,0,binance,0.2395,0.2367,0.2423,1.169,100,2026-10-02 19:35,-0.32,вниз,боковик,флет (10↑/10↓),-13729952,-16151857,-2.22,-4.96,вынос лонгов,8.22,0.50,1.24,0.23,1.24,лонг против падающего CVD; лонг против тренда 1h
2026-10-02 19:15,1790968500000,XLMUSDT,LONG,15m,0,binance,0.21222,0.21031,0.21413,0.900,100,2026-10-02 19:35,-0.42,вниз,вниз,флет (9↑/9↓),-27318268,-1039602,-2.10,-4.17,вынос лонгов,7.13,0.71,1.01,0.17,0.98,лонг против падающего CVD; лонг против тренда 1h
2026-10-02 19:15,1790968500000,kSHIBUSDT,LONG,15m,0,hyperliquid,0.005567,0.005527,0.005607,0.719,100,2026-10-02 19:35,-0.42,вниз,вниз,флет (9↑/10↓),,,,-5.29,нет данных,7.44,0.20,0.74,0.09,1.00,лонг против тренда 1h
2026-10-02 19:15,1790968500000,ONDOUSDT,LONG,15m,1,binance,0.476,0.4716,0.4804,0.924,100,2026-10-02 19:35,-0.16,вниз,вниз,флет (8↑/9↓),-28010373,-11620631,-6.99,-6.72,вынос лонгов,8.33,0.22,1.31,1.14,1.15,лонг против падающего CVD; лонг против тренда 1h
2026-10-02 19:30,1790969400000,XMRUSDT,LONG,15m,0,binance,533.1,531.27,534.93,0.343,100,2026-10-02 19:45,-0.26,вниз,вниз,флет (10↑/12↓),-929,-482,-1.57,-1.90,вынос лонгов,3.40,0.21,0.39,0.62,0.54,лонг против падающего CVD; лонг против тренда 1h
2026-10-02 19:30,1790969400000,AVAXUSDT,LONG,15m,1,binance,10.602,10.424,10.78,1.679,100,2026-10-02 19:45,-0.05,вниз,боковик,флет (9↑/9↓),-1013171,-415875,-4.60,-4.63,вынос лонгов,6.14,0.22,1.69,1.09,0.87,лонг против падающего CVD; лонг против тренда 1h
2026-10-02 19:30,1790969400000,DOTUSDT,LONG,15m,0,binance,1.1496,1.1348,1.1644,1.287,100,2026-10-02 19:45,0.00,вниз,вниз,флет (9↑/8↓),-4521283,-210569,-0.73,-5.26,вынос лонгов,7.39,0.16,1.78,1.23,1.19,лонг против падающего CVD; лонг против тренда 1h
2026-10-02 19:30,1790969400000,ETCUSDT,LONG,15m,1,binance,8.632,8.451,8.813,2.097,100,2026-10-02 19:45,-0.26,вниз,вниз,флет (10↑/12↓),-346808,-140086,-1.12,-3.90,вынос лонгов,6.71,0.64,2.16,0.29,1.03,лонг против падающего CVD; лонг против тренда 1h
2026-10-02 19:30,1790969400000,ATOMUSDT,LONG,15m,1,binance,1.633,1.605,1.661,1.715,100,2026-10-02 19:45,-0.32,вниз,вниз,флет (9↑/11↓),-2274041,-1336269,-1.66,-4.84,вынос лонгов,8.13,0.04,2.21,1.00,1.01,лонг против падающего CVD; лонг против тренда 1h
2026-10-02 19:30,1790969400000,CAKEUSDT,LONG,15m,1,binance,2.4817,2.45,2.5134,1.277,100,2026-10-02 19:45,0.05,вниз,вниз,флет (10↑/12↓),-429736,-321982,-4.01,-2.91,вынос лонгов,5.78,0.10,1.37,0.87,1.03,лонг против падающего CVD; лонг против тренда 1h
2026-10-02 19:30,1790969400000,DASHUSDT,LONG,15m,1,binance,56.72,55.37,58.07,2.380,100,2026-10-02 19:45,-0.26,вниз,вниз,флет (9↑/10↓),-84107,-50308,-4.40,-5.36,вынос лонгов,6.86,0.23,2.87,1.00,1.03,лонг против падающего CVD; лонг против тренда 1h
2026-10-02 19:30,1790969400000,VIRTUALUSDT,LONG,15m,1,binance,0.7502,0.7374,0.763,1.706,100,2026-10-02 19:45,-0.16,вниз,боковик,флет (11↑/10↓),-2419453,-182461,-2.94,-7.34,вынос лонгов,10.59,0.27,1.88,0.78,1.64,лонг против падающего CVD; лонг против тренда 1h
2026-10-02 19:30,1790969400000,TRUMPUSDT,LONG,15m,1,binance,2.006,1.975,2.037,1.545,100,2026-10-02 19:45,-0.32,вниз,боковик,флет (10↑/10↓),-3569712,474856,-5.49,-6.04,вынос лонгов,10.92,0.58,1.67,0.21,1.52,лонг против тренда 1h
2026-10-02 19:30,1790969400000,LINKUSDT,LONG,15m,1,binance,13.623,13.125,14.121,3.656,100,2026-10-02 19:50,-0.21,вниз,боковик,ниже максимумы (12/19),-1420460,-932300,-2.32,-4.20,вынос лонгов,6.64,0.04,3.84,0.07,0.92,лонг против падающего CVD; лонг против тренда 1h
2026-10-02 19:45,1790970300000,KAITOUSDT,LONG,15m,0,binance,0.3207,0.3174,0.324,1.029,100,2026-10-02 20:00,-0.37,вниз,вниз,ниже максимумы (11/19),136069,2329347,-0.77,-8.40,вынос лонгов,11.47,0.29,1.20,0.97,1.49,лонг против тренда 1h
2026-10-02 19:45,1790970300000,HYPEUSDT,LONG,15m,0,binance,86.583,86.124,87.042,0.530,100,2026-10-02 20:05,-0.42,вниз,вниз,флет (10↑/8↓),-33363,-156428,2.07,-3.73,новые шорты,5.76,0.26,0.68,0.25,1.06,лонг против падающего CVD; лонг против тренда 1h
